Year,"Country of origin","Country of asylum","Refugees under UNHCR's mandate",Asylum-seekers,"Returned refugees","IDPs of concern to UNHCR","Returned IDPss","Stateless persons","Others of concern","Other people in need of international protection","Host Community"
2014,Afghanistan,-,2596259,85407,17815,805409,0,0,201361,,0
2014,Albania,-,10156,15098,0,0,0,0,0,,0
2014,Algeria,-,3509,5127,0,0,0,0,12,,0
2014,Andorra,-,5,0,0,0,0,0,0,,0
2014,Angola,-,9468,1718,14284,0,0,0,64201,,0
2014,"Antigua and Barbuda",-,53,15,0,0,0,0,0,,0
2014,Egypt,-,15899,10816,0,0,0,0,42,,0
2014,Argentina,-,311,102,0,0,0,0,0,,0
2014,Armenia,-,11839,6287,5,0,0,0,13,,0
2014,Australia,-,27,0,0,0,0,0,0,,0
2014,Austria,-,5,0,0,0,0,0,0,,0
2014,Azerbaijan,-,10508,4391,0,622892,0,0,0,,0
2014,Bahrain,-,344,98,0,0,0,0,7,,0
2014,Barbados,-,82,17,0,0,0,0,0,,0
2014,Burundi,-,72477,19357,1349,78948,0,0,162903,,0
2014,Belgium,-,76,21,0,0,0,0,0,,0
2014,Benin,-,330,684,0,0,0,0,0,,0
2014,Bangladesh,-,10868,21604,0,0,0,0,14,,0
2014,Bahamas,-,216,40,0,0,0,0,0,,0
2014,Bhutan,-,23633,190,0,0,0,0,0,,0
2014,"Burkina Faso",-,1853,1566,0,0,0,0,0,,0
2014,Belarus,-,4296,931,0,0,0,0,0,,0
2014,"Bolivia (Plurinational State of)",-,594,262,0,0,0,0,0,,0
2014,Botswana,-,234,69,0,0,0,0,0,,0
2014,Brazil,-,977,1190,0,0,0,0,0,,0
2014,"Bosnia and Herzegovina",-,21883,6566,171,84500,0,0,52437,,0
2014,Bulgaria,-,1644,187,0,0,0,0,0,,0
2014,Belize,-,42,83,0,0,0,0,0,,0
2014,Cambodia,-,13066,257,0,0,0,0,0,,0
2014,Canada,-,89,55,0,0,0,0,6,,0
2014,"Central African Rep.",-,412028,14361,0,438538,610903,0,15043,,0
2014,"Cayman Islands",-,6,0,0,0,0,0,0,,0
2014,Chad,-,48236,3296,369,0,0,0,35000,,0
2014,China,-,210793,47335,0,0,0,0,0,,0
2014,Chile,-,571,98,0,0,0,0,0,,0
2014,Cameroon,-,10739,5013,385,0,0,0,0,,0
2014,Congo,-,14498,3410,10,0,0,0,101,,0
2014,"Dem. Rep. of the Congo",-,516765,67339,25148,2756585,561073,0,112309,,0
2014,Comoros,-,580,348,0,0,0,0,0,,0
2014,Colombia,-,360291,4713,5,6044151,0,0,0,,0
2014,"Costa Rica",-,414,125,0,0,0,0,0,,0
2014,Cuba,-,7497,1815,0,0,0,0,120,,0
2014,"Cabo Verde",-,27,46,0,0,0,0,0,,0
2014,Cyprus,-,10,0,0,0,0,0,0,,0
2014,Czechia,-,1321,97,0,0,0,0,0,,0
2014,Denmark,-,11,10,0,0,0,0,0,,0
2014,Djibouti,-,870,414,0,0,0,0,5,,0
2014,Dominica,-,35,13,0,0,0,0,0,,0
2014,"Dominican Rep.",-,348,1139,0,0,0,0,0,,0
2014,Ecuador,-,807,6966,0,0,0,0,0,,0
2014,"Equatorial Guinea",-,168,81,0,0,0,0,0,,0
2014,Eritrea,-,363081,53650,0,0,0,0,116,,0
2014,Estonia,-,340,31,0,0,0,0,0,,0
2014,Ethiopia,-,86857,61368,463,0,0,0,407,,0
2014,Fiji,-,927,769,0,0,0,0,0,,0
2014,Finland,-,5,0,0,0,0,0,0,,0
2014,France,-,84,40,0,0,0,0,0,,0
2014,Gabon,-,179,116,0,0,0,0,0,,0
2014,Gambia,-,5122,10476,0,0,0,0,0,,0
2014,Palestinian,-,97207,3636,0,0,0,0,3166,,0
2014,"United Kingdom of Great Britain and Northern Ireland",-,137,77,0,0,0,0,0,,0
2014,Georgia,-,6687,7803,0,262704,0,0,0,,0
2014,Germany,-,170,77,0,0,0,0,0,,0
2014,Ghana,-,22116,7619,0,0,0,0,0,,0
2014,Guinea-Bissau,-,1306,1759,0,0,0,0,0,,0
2014,Greece,-,108,59,0,0,0,0,0,,0
2014,Grenada,-,324,52,0,0,0,0,0,,0
2014,Guatemala,-,7487,15800,0,0,0,0,0,,0
2014,Guinea,-,15247,17813,0,0,0,0,0,,0
2014,Guyana,-,700,148,0,0,0,0,0,,0
2014,Haiti,-,37147,6721,0,0,0,0,29238,,0
2014,"China, Hong Kong SAR",-,25,38,0,0,0,0,0,,0
2014,Honduras,-,4157,10136,0,0,0,0,0,,0
2014,Croatia,-,40121,111,282,0,0,0,15794,,0
2014,Hungary,-,1264,337,0,0,0,0,5,,0
2014,Iceland,-,0,5,0,0,0,0,0,,0
2014,"Cote d'Ivoire",-,71956,13404,12362,24000,0,0,41,,0
2014,India,-,10431,16698,0,0,0,0,381,,0
2014,Indonesia,-,14393,1765,0,0,0,0,0,,0
2014,Ireland,-,7,82,0,0,0,0,0,,0
2014,"Iran (Islamic Rep. of)",-,82202,34884,11,0,0,0,25,,0
2014,Iraq,-,369960,103724,10908,3596356,19967,0,3307,,0
2014,Israel,-,967,282,0,0,0,0,0,,0
2014,Italy,-,63,110,0,0,0,0,0,,0
2014,Jamaica,-,1682,597,0,0,0,0,0,,0
2014,Jordan,-,1711,1293,0,0,0,0,102,,0
2014,Japan,-,257,61,0,0,0,0,0,,0
2014,Kazakhstan,-,2219,1147,0,0,0,0,0,,0
2014,Kenya,-,8546,2925,0,0,0,0,0,,0
2014,Kyrgyzstan,-,2449,1834,0,0,0,0,0,,0
2014,Kiribati,-,5,0,0,0,0,0,0,,0
2014,"Rep. of Korea",-,478,282,0,0,0,0,0,,0
2014,"Dem. People's Rep. of Korea",-,1275,233,0,0,0,0,0,,0
2014,Kuwait,-,974,260,0,0,0,0,0,,0
2014,"Lao People's Dem. Rep.",-,7476,113,0,0,0,0,0,,0
2014,Liberia,-,13561,2319,0,0,0,0,8,,0
2014,Libya,-,4187,3886,0,363067,0,0,5,,0
2014,"Saint Lucia",-,921,35,0,0,0,0,0,,0
2014,Lebanon,-,4262,3833,0,0,0,0,0,,0
2014,Lesotho,-,16,665,0,0,0,0,0,,0
2014,"Sri Lanka",-,121991,17211,501,30847,358,0,15,,0
2014,Lithuania,-,182,57,0,0,0,0,0,,0
2014,Latvia,-,206,57,0,0,0,0,0,,0
2014,"China, Macao SAR",-,5,11,0,0,0,0,0,,0
2014,Madagascar,-,279,200,0,0,0,0,5,,0
2014,Mauritania,-,34103,6997,0,0,0,0,5,,0
2014,"North Macedonia",-,1752,7788,0,0,0,0,0,,0
2014,Monaco,-,5,6,0,0,0,0,0,,0
2014,"Rep. of Moldova",-,2230,1440,0,0,0,0,0,,0
2014,Maldives,-,32,5,0,0,0,0,0,,0
2014,Mexico,-,10672,29351,0,0,0,0,0,,0
2014,"Marshall Islands",-,5,6,0,0,0,0,0,,0
2014,Mali,-,139249,12230,20959,99816,155006,0,0,,0
2014,Malaysia,-,458,948,0,0,0,0,0,,0
2014,Malawi,-,356,3891,0,0,0,0,0,,0
2014,Mongolia,-,2162,2204,0,0,0,0,0,,0
2014,Morocco,-,1523,3221,0,0,0,0,13,,0
2014,Mozambique,-,55,1408,0,0,0,0,0,,0
2014,Montenegro,-,601,1273,0,0,0,0,0,,0
2014,Mauritius,-,91,151,0,0,0,0,0,,0
2014,Myanmar,-,479006,51339,0,376500,0,0,400,,0
2014,Namibia,-,1250,45,14,0,0,0,0,,0
2014,Nepal,-,8542,6644,0,0,0,0,0,,0
2014,"Netherlands (Kingdom of the)",-,63,40,0,0,0,0,0,,0
2014,Niger,-,728,535,0,0,0,0,0,,0
2014,Nicaragua,-,1580,718,0,0,0,0,0,,0
2014,Nigeria,-,90936,30075,0,1188018,0,0,70013,,0
2014,Niue,-,18,28,0,0,0,0,0,,0
2014,Norway,-,15,0,0,0,0,0,0,,0
2014,"New Zealand",-,14,13,0,0,0,0,0,,0
2014,Oman,-,25,9,0,0,0,0,0,,0
2014,Pakistan,-,335947,44419,0,1375904,75825,0,0,,0
2014,Panama,-,83,28,0,0,0,0,0,,0
2014,Paraguay,-,87,34,0,0,0,0,0,,0
2014,Peru,-,4333,1029,0,0,0,0,0,,0
2014,Philippines,-,660,1117,0,142430,98718,0,80053,,0
2014,"Papua New Guinea",-,285,213,0,0,0,0,0,,0
2014,Poland,-,1306,263,0,0,0,0,0,,0
2014,Portugal,-,30,34,0,0,0,0,0,,0
2014,Qatar,-,23,5,0,0,0,0,0,,0
2014,Romania,-,1917,1011,0,0,0,0,5,,0
2014,"South Africa",-,422,531,0,0,0,0,0,,0
2014,"Russian Federation",-,70552,24189,14,0,0,0,311,,0
2014,Rwanda,-,79396,10000,5785,0,0,0,4864,,0
2014,"El Salvador",-,10968,18035,5,0,0,0,0,,0
2014,"Saudi Arabia",-,616,380,0,0,0,0,12,,0
2014,"Serbia and Kosovo: S/RES/1244 (1999)",-,45730,45573,215,223139,450,0,0,,0
2014,Senegal,-,23110,8717,0,0,0,0,0,,0
2014,Seychelles,-,23,12,0,0,0,0,0,,0
2014,Singapore,-,55,31,0,0,0,0,0,,0
2014,"Sierra Leone",-,4988,3151,0,0,0,0,1479,,0
2014,"Solomon Islands",-,70,20,0,0,0,0,0,,0
2014,Somalia,-,1106430,49063,2485,1133000,12736,0,801,,0
2014,Spain,-,60,68,0,0,0,0,0,,0
2014,"Viet Nam",-,313420,3132,0,0,0,0,68,,0
2014,"Saint Kitts and Nevis",-,20,7,0,0,0,0,0,,0
2014,"Sao Tome and Principe",-,24,5,0,0,0,0,0,,0
2014,Sudan,-,665956,36027,13140,2192830,1695,0,5,,0
2014,Suriname,-,17,46,0,0,0,0,0,,0
2014,"South Sudan",-,616206,3766,0,1645392,200055,0,0,,0
2014,Slovakia,-,316,327,0,0,0,0,0,,0
2014,Slovenia,-,25,5,0,0,0,0,0,,0
2014,Eswatini,-,151,140,0,0,0,0,5,,0
2014,Sweden,-,18,10,0,0,0,0,0,,0
2014,Switzerland,-,16,0,0,0,0,0,0,,0
2014,"Syrian Arab Rep.",-,3887490,79649,0,7632500,0,0,1992,,0
2014,"United Rep. of Tanzania",-,843,1056,0,0,0,0,0,,0
2014,"Turks and Caicos Islands",-,15,0,0,0,0,0,0,,0
2014,Thailand,-,223,410,0,0,0,0,0,,0
2014,Tajikistan,-,722,838,0,0,0,0,0,,0
2014,Turkmenistan,-,470,743,0,0,0,0,0,,0
2014,Timor-Leste,-,13,7,0,0,0,0,0,,0
2014,Togo,-,9271,1691,27,0,0,0,0,,0
2014,Tonga,-,19,82,0,0,0,0,0,,0
2014,"Trinidad and Tobago",-,371,173,0,0,0,0,0,,0
2014,Tunisia,-,1476,1782,0,0,0,0,11,,0
2014,Türkiye,-,63882,11189,0,0,0,0,11,,0
2014,"United Arab Emirates",-,84,68,0,0,0,0,0,,0
2014,Uganda,-,7177,4748,0,0,0,0,180000,,0
2014,Ukraine,-,237617,15085,0,823000,0,0,5,,0
2014,Uruguay,-,119,42,0,0,0,0,0,,0
2014,"United States of America",-,4980,164,0,0,0,0,17,,0
2014,Uzbekistan,-,4790,1975,0,0,0,0,5,,0
2014,"Saint Vincent and the Grenadines",-,1736,45,0,0,0,0,0,,0
2014,"Venezuela (Bolivarian Republic of)",-,8009,4822,0,0,0,0,0,,0
2014,Samoa,-,0,7,0,0,0,0,0,,0
2014,"Western Sahara",-,116478,1176,0,0,0,0,0,,0
2014,Yemen,-,2623,2716,0,334093,85805,0,13,,0
2014,Zambia,-,309,293,0,0,0,0,0,,0
2014,Zimbabwe,-,22478,42419,55,0,0,0,116,,0
2014,Stateless,-,27907,10532,0,0,0,3492255,0,,0
2014,Tibetan,-,15066,10,0,0,0,0,5,,0
2014,Guadeloupe,-,0,12,0,0,0,0,0,,0
2014,"Curacao ",-,35,0,0,0,0,0,0,,0
2014,"Unknown ",-,101138,455851,0,0,0,0,16348,,0
2015,Afghanistan,-,2666294,258862,61381,1174306,123653,0,150369,,0
2015,Albania,-,10404,42155,0,0,0,0,0,,0
2015,Algeria,-,3470,7622,0,0,0,0,12,,0
2015,Andorra,-,5,5,0,0,0,0,0,,0
2015,Angola,-,11855,3251,4639,0,0,0,34965,,0
2015,"Antigua and Barbuda",-,56,12,0,0,0,0,0,,0
2015,Egypt,-,17929,12142,5,0,0,0,78,,0
2015,Argentina,-,186,160,0,0,0,0,0,,0
2015,Armenia,-,11211,8491,0,0,0,0,14,,0
2015,Australia,-,21,0,0,0,0,0,0,,0
2015,Austria,-,0,5,0,0,0,0,0,,0
2015,Azerbaijan,-,9707,5212,0,618220,0,0,0,,0
2015,Bahrain,-,422,81,0,0,0,0,0,,0
2015,Barbados,-,95,24,0,0,0,0,0,,0
2015,Burundi,-,292750,26856,16,25000,1144,0,164020,,0
2015,Belgium,-,66,37,0,0,0,0,0,,0
2015,Benin,-,400,1141,0,0,0,0,6,,0
2015,Bangladesh,-,12154,30544,0,0,0,0,16,,0
2015,Bahamas,-,216,80,0,0,0,0,0,,0
2015,Bhutan,-,17709,223,0,0,0,0,0,,0
2015,"Burkina Faso",-,2147,2691,0,0,0,0,0,,0
2015,Belarus,-,4117,1472,0,0,0,0,0,,0
2015,"Bolivia (Plurinational State of)",-,566,342,0,0,0,0,0,,0
2015,Botswana,-,306,73,0,0,0,0,0,,0
2015,Brazil,-,893,2151,0,0,0,0,0,,0
2015,"Brunei Darussalam",-,0,5,0,0,0,0,0,,0
2015,"Bosnia and Herzegovina",-,18763,7015,21,98324,0,0,52437,,0
2015,Bulgaria,-,1264,207,0,0,0,0,0,,0
2015,Belize,-,48,96,0,0,0,0,57,,0
2015,Cambodia,-,12802,372,0,0,0,0,0,,0
2015,Canada,-,73,334,0,0,0,0,6,,0
2015,"Central African Rep.",-,471093,10634,21632,216392,258276,0,20792,,0
2015,"Cayman Islands",-,6,0,0,0,0,0,0,,0
2015,Chad,-,14921,3267,38,51999,0,0,30000,,0
2015,China,-,212911,57693,0,0,0,0,0,,0
2015,Chile,-,554,149,0,0,0,0,0,,0
2015,Cameroon,-,10565,7357,0,92657,18636,0,5,,0
2015,Congo,-,14772,4071,0,0,0,0,88,,0
2015,"Dem. Rep. of the Congo",-,541487,76029,8535,1555112,736837,0,9923,,0
2015,Comoros,-,550,226,0,0,0,0,0,,0
2015,Colombia,-,340116,6879,1794,6939067,0,0,0,,0
2015,"Costa Rica",-,374,213,0,0,0,0,0,,0
2015,Cuba,-,6827,2353,0,0,0,0,75,,0
2015,"Cabo Verde",-,27,95,0,0,0,0,0,,0
2015,Cyprus,-,0,5,0,0,0,0,0,,0
2015,Czechia,-,1280,119,0,0,0,0,0,,0
2015,Denmark,-,11,15,0,0,0,0,0,,0
2015,Djibouti,-,1059,542,0,0,0,0,0,,0
2015,Dominica,-,35,89,0,0,0,0,0,,0
2015,"Dominican Rep.",-,382,1709,0,0,0,0,0,,0
2015,Ecuador,-,1006,10415,0,0,0,0,0,,0
2015,"Equatorial Guinea",-,142,85,0,0,0,0,0,,0
2015,Eritrea,-,407428,62088,0,0,0,0,235,,0
2015,Estonia,-,315,39,0,0,0,0,0,,0
2015,Ethiopia,-,85839,76680,5,0,0,0,221,,0
2015,Fiji,-,887,429,0,0,0,0,0,,0
2015,Finland,-,10,0,0,0,0,0,0,,0
2015,France,-,90,77,0,0,0,0,0,,0
2015,"Micronesia (Federated States of)",-,0,6,0,0,0,0,0,,0
2015,Gabon,-,174,224,0,0,0,0,0,,0
2015,Gambia,-,8473,12820,0,0,0,0,0,,0
2015,Palestinian,-,98013,4315,12,0,0,0,2420,,0
2015,"United Kingdom of Great Britain and Northern Ireland",-,128,109,0,0,0,0,0,,0
2015,Georgia,-,6505,9245,0,268416,0,0,0,,0
2015,Germany,-,153,86,0,0,0,0,0,,0
2015,Ghana,-,22962,10705,0,0,0,0,0,,0
2015,Guinea-Bissau,-,1472,1921,0,0,0,0,0,,0
2015,Greece,-,111,65,0,0,0,0,0,,0
2015,Grenada,-,270,51,0,0,0,0,0,,0
2015,Guatemala,-,10284,26951,0,0,0,0,3500,,0
2015,Guinea,-,16995,17832,0,0,0,0,0,,0
2015,Guyana,-,508,223,0,0,0,0,0,,0
2015,Haiti,-,34762,9263,0,0,0,0,6264,,0
2015,"China, Hong Kong SAR",-,33,80,0,0,0,0,0,,0
2015,Honduras,-,6847,19456,0,174000,0,0,5100,,0
2015,Croatia,-,33452,89,111,0,0,0,14070,,0
2015,Hungary,-,1447,703,0,0,0,0,5,,0
2015,Iceland,-,0,5,0,0,0,0,0,,0
2015,"Cote d'Ivoire",-,71107,13752,12220,308272,399,0,44,,0
2015,India,-,9882,24874,0,0,0,0,378,,0
2015,Indonesia,-,13947,2637,0,0,0,0,0,,0
2015,Ireland,-,5,36,0,0,0,0,0,,0
2015,"Iran (Islamic Rep. of)",-,84950,57081,10,0,0,0,8,,0
2015,Iraq,-,264086,237168,5914,4403287,1747,0,3598,,0
2015,Israel,-,787,379,0,0,0,0,0,,0
2015,Italy,-,69,139,0,0,0,0,0,,0
2015,Jamaica,-,1857,839,0,0,0,0,0,,0
2015,Jordan,-,1836,1829,0,0,0,0,92,,0
2015,Japan,-,140,68,0,0,0,0,0,,0
2015,Kazakhstan,-,2263,1565,0,0,0,0,0,,0
2015,Kenya,-,7902,3258,1231,0,0,0,12,,0
2015,Kyrgyzstan,-,2498,2263,0,0,0,0,0,,0
2015,Kiribati,-,0,5,0,0,0,0,0,,0
2015,"Rep. of Korea",-,346,252,0,0,0,0,0,,0
2015,"Dem. People's Rep. of Korea",-,1094,223,0,0,0,0,0,,0
2015,Kuwait,-,1076,431,0,0,0,0,0,,0
2015,"Lao People's Dem. Rep.",-,7359,165,0,0,0,0,0,,0
2015,Liberia,-,9972,2414,56,0,0,0,8,,0
2015,Libya,-,6077,6042,0,434869,0,0,5,,0
2015,"Saint Lucia",-,1011,60,0,0,0,0,0,,0
2015,Lebanon,-,4353,5985,0,0,0,0,0,,0
2015,Lesotho,-,16,1091,0,0,0,0,0,,0
2015,"Sri Lanka",-,121427,14782,854,44934,8112,0,17,,0
2015,Lithuania,-,143,64,0,0,0,0,0,,0
2015,Latvia,-,187,77,0,0,0,0,0,,0
2015,"China, Macao SAR",-,5,25,0,0,0,0,0,,0
2015,Madagascar,-,285,166,0,0,0,0,5,,0
2015,Mauritania,-,34656,7474,0,0,0,0,5,,0
2015,"North Macedonia",-,1769,14609,0,0,0,0,0,,0
2015,Monaco,-,5,0,0,0,0,0,0,,0
2015,"Rep. of Moldova",-,2289,3437,0,0,0,0,0,,0
2015,Maldives,-,39,28,0,0,0,0,0,,0
2015,Mexico,-,11340,46250,0,0,0,0,0,,0
2015,"Marshall Islands",-,5,6,0,0,0,0,0,,0
2015,Mali,-,154202,9874,4088,61920,53551,0,31,,0
2015,Malaysia,-,435,2823,0,0,0,0,0,,0
2015,Malawi,-,429,5672,0,0,0,0,0,,0
2015,Mongolia,-,2198,3529,0,0,0,0,0,,0
2015,Morocco,-,1760,5575,0,0,0,0,11,,0
2015,Mozambique,-,55,2193,0,0,0,0,0,,0
2015,Malta,-,0,5,0,0,0,0,0,,0
2015,Montenegro,-,646,3015,0,0,0,0,0,,0
2015,Mauritius,-,101,202,0,0,0,0,0,,0
2015,Myanmar,-,451804,60632,0,451089,25265,0,443,,0
2015,Namibia,-,1272,60,21,0,0,0,36,,0
2015,Nepal,-,9051,8961,0,0,0,0,0,,0
2015,"Netherlands (Kingdom of the)",-,64,55,0,0,0,0,0,,0
2015,Niger,-,1383,763,0,137337,0,0,70000,,0
2015,Nicaragua,-,1469,1237,0,0,0,0,0,,0
2015,Nigeria,-,167973,51353,0,2172532,0,0,19,,0
2015,Niue,-,18,18,0,0,0,0,0,,0
2015,Norway,-,10,5,0,0,0,0,0,,0
2015,"New Zealand",-,16,7,0,0,0,0,0,,0
2015,Oman,-,36,16,0,0,0,0,0,,0
2015,Pakistan,-,297886,63955,5,1146108,676638,0,0,,0
2015,Panama,-,62,59,0,0,0,0,0,,0
2015,Paraguay,-,88,67,0,0,0,0,0,,0
2015,Peru,-,3591,1530,0,0,0,0,0,,0
2015,Philippines,-,582,1886,0,63174,254848,0,80057,,0
2015,"Papua New Guinea",-,335,198,0,0,0,0,0,,0
2015,Poland,-,1298,399,0,0,0,0,0,,0
2015,Portugal,-,28,64,0,0,0,0,0,,0
2015,Qatar,-,21,12,0,0,0,0,0,,0
2015,Romania,-,1731,1377,0,0,0,0,0,,0
2015,"South Africa",-,447,844,0,0,0,0,5,,0
2015,"Russian Federation",-,67008,27508,5,0,0,0,5,,0
2015,Rwanda,-,286357,10948,5050,0,0,0,5801,,0
2015,"El Salvador",-,14778,31450,0,0,0,0,10100,,0
2015,"Saudi Arabia",-,686,561,0,0,0,0,10,,0
2015,"Serbia and Kosovo: S/RES/1244 (1999)",-,38620,53292,328,220002,545,0,0,,0
2015,Senegal,-,21267,14301,0,0,0,0,0,,0
2015,Seychelles,-,19,20,0,0,0,0,0,,0
2015,Singapore,-,50,45,0,0,0,0,0,,0
2015,"Sierra Leone",-,4900,3486,0,0,0,0,1479,,0
2015,"Solomon Islands",-,71,37,0,0,0,0,0,,0
2015,Somalia,-,1123144,56664,32343,1133000,5000,0,828,,0
2015,Spain,-,60,85,0,0,0,0,0,,0
2015,"Viet Nam",-,313152,4373,0,0,0,0,265,,0
2015,"Saint Kitts and Nevis",-,25,20,0,0,0,0,0,,0
2015,"Sao Tome and Principe",-,24,10,0,0,0,0,0,,0
2015,Sudan,-,627080,42909,39491,3218234,152663,0,20,,0
2015,Suriname,-,19,49,0,0,0,0,0,,0
2015,"South Sudan",-,778722,4104,159,1790427,0,0,30,,0
2015,Slovakia,-,325,541,0,0,0,0,0,,0
2015,Slovenia,-,21,10,0,0,0,0,0,,0
2015,Eswatini,-,213,159,7,0,0,0,0,,0
2015,Sweden,-,18,15,0,0,0,0,0,,0
2015,Switzerland,-,16,0,0,0,0,0,0,,0
2015,"Syrian Arab Rep.",-,4873236,245857,188,6563462,0,0,8247,,0
2015,"United Rep. of Tanzania",-,810,1577,0,0,0,0,15,,0
2015,"Turks and Caicos Islands",-,14,0,0,0,0,0,0,,0
2015,Thailand,-,209,833,0,0,0,0,0,,0
2015,Tajikistan,-,790,1451,0,0,0,0,0,,0
2015,Turkmenistan,-,446,1205,0,0,0,0,0,,0
2015,Timor-Leste,-,19,5,0,0,0,0,0,,0
2015,Togo,-,8774,2128,6,0,0,0,0,,0
2015,Tonga,-,22,62,0,0,0,0,0,,0
2015,"Trinidad and Tobago",-,369,195,0,0,0,0,5,,0
2015,Tunisia,-,1554,2329,0,0,0,0,7,,0
2015,Türkiye,-,59545,12073,0,0,0,0,12,,0
2015,"United Arab Emirates",-,91,103,0,0,0,0,0,,0
2015,Uganda,-,6311,6426,1191,0,0,0,180000,,0
2015,Ukraine,-,321399,22350,0,1600000,0,0,5,,0
2015,Uruguay,-,84,62,0,0,0,0,0,,0
2015,"United States of America",-,4824,245,0,0,0,0,10,,0
2015,Uzbekistan,-,4197,2659,0,0,0,0,0,,0
2015,"Saint Vincent and the Grenadines",-,1823,43,0,0,0,0,0,,0
2015,"Venezuela (Bolivarian Republic of)",-,7455,15087,0,0,0,0,0,,0
2015,Samoa,-,0,9,0,0,0,0,0,,0
2015,"Western Sahara",-,116542,1438,0,0,0,0,0,,0
2015,Yemen,-,15901,10056,0,2532032,0,0,12,,0
2015,Zambia,-,334,427,0,0,0,0,0,,0
2015,Zimbabwe,-,21332,57376,31,0,0,0,135,,0
2015,Stateless,-,37415,18601,0,0,0,3687759,0,,0
2015,Tibetan,-,15069,10,0,0,0,0,6,,0
2015,Guadeloupe,-,0,23,0,0,0,0,0,,0
2015,"Curacao ",-,35,0,0,0,0,0,0,,0
2015,"Unknown ",-,120122,1047315,0,0,0,0,14244,,0
2016,Afghanistan,-,2501447,369072,383950,1797551,0,0,114221,,0
2016,Albania,-,11060,23760,0,0,0,0,0,,0
2016,Algeria,-,3705,7177,5,0,0,0,7,,0
2016,Andorra,-,0,5,0,0,0,0,0,,0
2016,Angola,-,8388,4767,0,0,0,0,19957,,0
2016,"Antigua and Barbuda",-,82,30,0,0,0,0,0,,0
2016,Egypt,-,19792,13026,0,0,0,0,111,,0
2016,Argentina,-,120,219,0,0,0,0,0,,0
2016,Armenia,-,10707,13092,0,0,0,0,12,,0
2016,Australia,-,15,10,0,0,0,0,0,,0
2016,Austria,-,0,5,0,0,0,0,0,,0
2016,Azerbaijan,-,10118,8098,0,613129,0,0,0,,0
2016,Bahrain,-,461,118,0,0,0,0,0,,0
2016,Barbados,-,144,44,0,0,0,0,0,,0
2016,Burundi,-,408066,24395,4121,141221,0,0,164066,,0
2016,Belgium,-,44,20,0,0,0,0,0,,0
2016,Benin,-,479,1145,0,0,0,0,6,,0
2016,Bangladesh,-,13842,25929,0,0,0,0,15,,0
2016,Bahamas,-,298,119,0,0,0,0,0,,0
2016,Bhutan,-,11757,277,0,0,0,0,0,,0
2016,"Burkina Faso",-,2352,4195,0,0,0,0,0,,0
2016,Belarus,-,3831,1985,0,0,0,0,0,,0
2016,"Bolivia (Plurinational State of)",-,530,411,0,0,0,0,0,,0
2016,Botswana,-,265,127,0,0,0,0,0,,0
2016,Brazil,-,803,3760,0,0,0,0,0,,0
2016,"Brunei Darussalam",-,0,5,0,0,0,0,0,,0
2016,"Bosnia and Herzegovina",-,18194,3108,5,98324,0,0,52437,,0
2016,Bulgaria,-,799,258,0,0,0,0,0,,0
2016,Belize,-,58,160,0,0,0,0,0,,0
2016,Cambodia,-,12428,380,0,0,0,0,0,,0
2016,Canada,-,76,54,0,0,0,0,0,,0
2016,"Central African Rep.",-,490879,10603,34401,411785,0,0,21010,,0
2016,"Cayman Islands",-,6,0,0,0,0,0,0,,0
2016,Chad,-,14176,3178,26,124342,0,0,16718,,0
2016,China,-,207768,72165,0,0,0,0,0,,0
2016,Chile,-,495,200,0,0,0,0,0,,0
2016,Cameroon,-,10344,10943,131,198889,18213,0,27,,0
2016,Congo,-,13291,4346,10,15303,0,0,99,,0
2016,"Dem. Rep. of the Congo",-,537474,82709,13222,2232900,619600,0,9473,,0
2016,Comoros,-,572,226,0,0,0,0,0,,0
2016,Colombia,-,311059,12581,205,7410816,0,0,0,,0
2016,"Costa Rica",-,202,312,0,0,0,0,0,,0
2016,Cuba,-,5940,5025,0,0,0,0,0,,0
2016,"Cabo Verde",-,10,98,0,0,0,0,0,,0
2016,Cyprus,-,0,5,0,0,0,0,0,,0
2016,Czechia,-,1266,233,0,0,0,0,0,,0
2016,Denmark,-,0,5,0,0,0,0,0,,0
2016,Djibouti,-,1437,831,0,0,0,0,0,,0
2016,Dominica,-,20,126,0,0,0,0,0,,0
2016,"Dominican Rep.",-,359,2354,0,0,0,0,0,,0
2016,Ecuador,-,1041,13682,0,0,0,0,0,,0
2016,"Equatorial Guinea",-,131,100,0,0,0,0,0,,0
2016,Eritrea,-,457247,67694,0,0,0,0,73,,0
2016,Estonia,-,303,42,0,0,0,0,0,,0
2016,Ethiopia,-,83958,78854,0,0,0,0,690,,0
2016,Fiji,-,791,510,0,0,0,0,0,,0
2016,Finland,-,5,5,0,0,0,0,0,,0
2016,France,-,50,116,0,0,0,0,0,,0
2016,Gabon,-,167,431,0,0,0,0,0,,0
2016,Gambia,-,11589,18888,0,0,0,0,0,,0
2016,Palestinian,-,97794,5980,0,0,0,0,2199,,0
2016,"United Kingdom of Great Britain and Northern Ireland",-,78,100,0,0,0,0,0,,0
2016,Georgia,-,6405,14147,0,273765,0,0,0,,0
2016,Germany,-,67,128,0,0,0,0,0,,0
2016,Ghana,-,15527,11846,0,0,0,0,0,,0
2016,Guinea-Bissau,-,1650,1866,0,0,0,0,0,,0
2016,Greece,-,101,76,0,0,0,0,0,,0
2016,Grenada,-,100,63,0,0,0,0,0,,0
2016,Guatemala,-,12549,46222,0,0,0,0,0,,0
2016,Guinea,-,17536,24389,0,0,0,0,0,,0
2016,Guyana,-,269,296,0,0,0,0,0,,0
2016,Haiti,-,29671,22454,0,0,0,0,22930,,0
2016,"China, Hong Kong SAR",-,15,112,0,0,0,0,0,,0
2016,Honduras,-,10509,35198,0,174000,0,0,4800,,0
2016,Croatia,-,26231,343,43,0,0,0,14518,,0
2016,Hungary,-,2909,1661,0,0,0,0,5,,0
2016,Iceland,-,0,5,0,0,0,0,0,,0
2016,"Cote d'Ivoire",-,46811,18628,19549,0,0,0,17,,0
2016,India,-,7288,27939,0,0,0,0,264,,0
2016,Indonesia,-,13056,3581,0,0,0,0,0,,0
2016,Ireland,-,0,42,0,0,0,0,0,,0
2016,"Iran (Islamic Rep. of)",-,94102,87535,11,0,0,0,273,,0
2016,Iraq,-,316056,278367,158,3604285,1397016,0,15778,,0
2016,Israel,-,487,548,0,0,0,0,0,,0
2016,Italy,-,49,132,0,0,0,0,0,,0
2016,Jamaica,-,1998,1134,0,0,0,0,0,,0
2016,Jordan,-,1919,2433,0,0,0,0,131,,0
2016,Japan,-,53,83,0,0,0,0,0,,0
2016,Kazakhstan,-,2366,2225,0,0,0,0,0,,0
2016,Kenya,-,7526,3556,0,0,0,0,20,,0
2016,Kyrgyzstan,-,2571,2368,0,0,0,0,0,,0
2016,"Rep. of Korea",-,243,266,0,0,0,0,0,,0
2016,"Dem. People's Rep. of Korea",-,1419,526,0,0,0,0,0,,0
2016,Kuwait,-,1013,650,0,0,0,0,0,,0
2016,"Lao People's Dem. Rep.",-,7229,167,0,0,0,0,0,,0
2016,Liberia,-,6558,2601,0,0,0,0,109,,0
2016,Libya,-,8831,6521,0,174510,449840,0,10,,0
2016,"Saint Lucia",-,993,196,0,0,0,0,0,,0
2016,Lebanon,-,4719,8484,0,0,0,0,0,,0
2016,Lesotho,-,5,698,0,0,0,0,0,,0
2016,"Sri Lanka",-,117472,15462,1052,39730,12445,0,12,,0
2016,Lithuania,-,74,78,0,0,0,0,0,,0
2016,Latvia,-,165,96,0,0,0,0,0,,0
2016,"China, Macao SAR",-,5,0,0,0,0,0,0,,0
2016,Madagascar,-,292,53,0,0,0,0,5,,0
2016,Mauritania,-,36263,7386,0,0,0,0,5,,0
2016,"North Macedonia",-,1730,7054,0,0,0,0,0,,0
2016,Monaco,-,5,0,0,0,0,0,0,,0
2016,"Rep. of Moldova",-,2316,4354,0,0,0,0,0,,0
2016,Maldives,-,58,35,0,0,0,0,0,,0
2016,Mexico,-,10387,64256,0,0,0,0,0,,0
2016,"Marshall Islands",-,5,0,0,0,0,0,0,,0
2016,Mali,-,156415,9702,9757,36690,35986,0,23,,0
2016,Malaysia,-,453,6163,0,0,0,0,0,,0
2016,Malawi,-,427,3752,0,0,0,0,0,,0
2016,Mongolia,-,2282,3831,0,0,0,0,0,,0
2016,Morocco,-,2240,7251,0,0,0,0,9,,0
2016,Mozambique,-,48,5702,5755,15128,0,0,0,,0
2016,Montenegro,-,713,1132,0,0,0,0,0,,0
2016,Mauritius,-,106,203,0,0,0,0,0,,0
2016,Myanmar,-,490285,56023,76,375016,1346,0,261,,0
2016,Namibia,-,1363,130,10,0,0,0,41,,0
2016,Nepal,-,8364,11531,0,0,0,0,585,,0
2016,"Netherlands (Kingdom of the)",-,32,42,0,0,0,0,0,,0
2016,Niger,-,1230,838,0,121391,0,0,14678,,0
2016,Nicaragua,-,1409,2125,0,0,0,0,0,,0
2016,Nigeria,-,229290,66862,0,2219272,689906,0,16,,0
2016,Niue,-,19,0,0,0,0,0,0,,0
2016,Norway,-,10,15,0,0,0,0,0,,0
2016,"New Zealand",-,25,18,0,0,0,0,0,,0
2016,Oman,-,35,24,0,0,0,0,0,,0
2016,Pakistan,-,105419,67700,6,448956,704370,0,0,,0
2016,Panama,-,33,81,0,0,0,0,0,,0
2016,Paraguay,-,68,117,0,0,0,0,0,,0
2016,Peru,-,2599,2290,0,0,0,0,0,,0
2016,Philippines,-,426,3119,0,87418,255626,0,80053,,0
2016,"Papua New Guinea",-,401,261,0,0,0,0,0,,0
2016,Poland,-,1159,565,0,0,0,0,0,,0
2016,Portugal,-,20,81,0,0,0,0,0,,0
2016,Qatar,-,25,23,0,0,0,0,0,,0
2016,Romania,-,1195,2520,0,0,0,0,0,,0
2016,"South Africa",-,452,1075,0,0,0,0,7,,0
2016,"Russian Federation",-,62759,35366,56,0,0,0,0,,0
2016,Rwanda,-,286063,11690,6107,0,0,0,6005,,0
2016,"El Salvador",-,19617,62163,0,0,0,0,9800,,0
2016,"Saudi Arabia",-,937,987,0,0,0,0,9,,0
2016,"Serbia and Kosovo: S/RES/1244 (1999)",-,36928,21699,166,219633,477,0,0,,0
2016,Senegal,-,23054,16301,0,0,0,0,0,,0
2016,Seychelles,-,10,5,0,0,0,0,0,,0
2016,Singapore,-,38,47,0,0,0,0,0,,0
2016,"Sierra Leone",-,4678,4674,5,0,0,0,1479,,0
2016,"Solomon Islands",-,71,79,0,0,0,0,0,,0
2016,Somalia,-,1012320,60491,36136,1562554,0,0,290,,0
2016,Spain,-,34,120,0,0,0,0,0,,0
2016,"Viet Nam",-,329341,4538,0,0,0,0,68,,0
2016,"Saint Kitts and Nevis",-,49,22,0,0,0,0,0,,0
2016,"Sao Tome and Principe",-,31,8,0,0,0,0,0,,0
2016,Sudan,-,650391,50469,37215,2225557,0,0,125,,0
2016,Suriname,-,16,25,0,0,0,0,0,,0
2016,"South Sudan",-,1436707,5792,0,1853924,752261,0,0,,0
2016,Slovakia,-,792,580,0,0,0,0,0,,0
2016,Slovenia,-,20,12,0,0,0,0,0,,0
2016,Eswatini,-,224,137,7,0,0,0,0,,0
2016,Sweden,-,13,17,0,0,0,0,0,,0
2016,Switzerland,-,5,10,0,0,0,0,0,,0
2016,"Syrian Arab Rep.",-,5524511,184337,0,6325978,600000,0,8516,,0
2016,"United Rep. of Tanzania",-,579,1215,6,0,0,0,10,,0
2016,"Turks and Caicos Islands",-,14,5,0,0,0,0,0,,0
2016,Thailand,-,147,950,0,0,0,0,0,,0
2016,Tajikistan,-,932,3198,0,0,0,0,0,,0
2016,Turkmenistan,-,371,1069,0,0,0,0,0,,0
2016,Timor-Leste,-,19,0,0,0,0,0,0,,0
2016,Togo,-,8296,2645,5,0,0,0,0,,0
2016,Tonga,-,25,77,0,0,0,0,0,,0
2016,"Trinidad and Tobago",-,295,241,0,0,0,0,6,,0
2016,Tunisia,-,1687,2062,0,0,0,0,7,,0
2016,Türkiye,-,57915,23236,0,0,0,0,45,,0
2016,"United Arab Emirates",-,103,160,0,0,0,0,0,,0
2016,Uganda,-,6229,5328,0,0,0,0,180000,,0
2016,Ukraine,-,239062,34638,6,1800000,0,0,5,,0
2016,Uruguay,-,23,103,0,0,0,0,0,,0
2016,"United States of America",-,302,286,0,0,0,0,7,,0
2016,Uzbekistan,-,3824,3087,5,0,0,0,0,,0
2016,"Saint Vincent and the Grenadines",-,1335,131,0,0,0,0,0,,0
2016,"Venezuela (Bolivarian Republic of)",-,7543,45074,0,0,0,0,0,,0
2016,Samoa,-,0,10,0,0,0,0,0,,0
2016,"Western Sahara",-,116648,1993,6,0,0,0,0,,0
2016,Yemen,-,18427,15870,0,2025060,974058,0,5,,0
2016,Zambia,-,256,294,0,0,0,0,0,,0
2016,Zimbabwe,-,18141,43191,6,0,0,0,161,,0
2016,Stateless,-,48687,10745,0,0,0,3242206,0,,0
2016,Tibetan,-,13536,10,0,0,0,0,0,,0
2016,"Curacao ",-,35,0,0,0,0,0,0,,0
2016,"Unknown ",-,138787,216805,0,0,0,0,40875,,0
2017,Afghanistan,-,2624265,333986,60541,1837079,32649,0,448040,,0
2017,Albania,-,12168,18761,0,0,0,0,0,,0
2017,Algeria,-,4021,6432,0,0,0,0,7,,0
2017,Andorra,-,0,5,0,0,0,0,0,,0
2017,Angola,-,8292,7819,0,0,0,0,17729,,0
2017,"Antigua and Barbuda",-,99,63,0,0,0,0,0,,0
2017,Egypt,-,22106,14588,0,0,0,0,41,,0
2017,Argentina,-,121,352,0,0,0,0,0,,0
2017,Armenia,-,10786,14907,0,0,0,0,8,,0
2017,Australia,-,10,10,0,0,0,0,0,,0
2017,Austria,-,10,26,0,0,0,0,0,,0
2017,Azerbaijan,-,10893,9541,0,612785,0,0,0,,0
2017,Bahrain,-,497,172,0,0,0,0,0,,0
2017,Barbados,-,172,76,0,0,0,0,0,,0
2017,Burundi,-,439320,60433,70610,57258,0,0,164205,,0
2017,Belgium,-,52,37,0,0,0,0,0,,0
2017,Benin,-,572,1131,0,0,0,0,6,,0
2017,Bangladesh,-,16780,68118,0,0,0,0,15,,0
2017,Bahamas,-,378,235,0,0,0,0,0,,0
2017,Bhutan,-,7954,400,0,0,0,0,0,,0
2017,"Burkina Faso",-,2694,5557,0,2350,0,0,0,,0
2017,Belarus,-,3650,2862,0,0,0,0,0,,0
2017,"Bolivia (Plurinational State of)",-,520,865,0,0,0,0,0,,0
2017,Botswana,-,279,95,0,0,0,0,0,,0
2017,Brazil,-,851,6786,0,0,0,0,0,,0
2017,"Brunei Darussalam",-,0,9,0,0,0,0,0,,0
2017,"Bosnia and Herzegovina",-,17690,1886,0,98574,0,0,48907,,0
2017,Bulgaria,-,716,316,0,0,0,0,0,,0
2017,Belize,-,64,206,0,0,0,0,0,,0
2017,Cambodia,-,12238,1578,0,0,0,0,0,,0
2017,Canada,-,75,78,0,0,0,0,0,,0
2017,"Central African Rep.",-,545513,12997,78620,688700,89019,0,21432,,0
2017,"Cayman Islands",-,6,0,0,0,0,0,0,,0
2017,Chad,-,16325,3105,970,99983,0,0,37317,,0
2017,China,-,207716,89508,0,0,0,0,0,,0
2017,Chile,-,493,350,0,0,0,0,0,,0
2017,Cameroon,-,11032,24607,0,221695,33662,0,24,,0
2017,Congo,-,13295,13068,5,107828,0,0,90,,0
2017,"Dem. Rep. of the Congo",-,620805,136152,27,4351376,255635,0,10555,,0
2017,Comoros,-,600,322,0,0,0,0,0,,0
2017,Colombia,-,191635,32478,199,7677609,0,0,0,,0
2017,"Costa Rica",-,195,486,0,0,0,0,0,,0
2017,Cuba,-,5331,13258,8,0,0,0,0,,0
2017,"Cabo Verde",-,5,181,0,0,0,0,0,,0
2017,Cyprus,-,0,20,0,0,0,0,0,,0
2017,Czechia,-,1272,307,0,0,0,0,0,,0
2017,Denmark,-,0,21,0,0,0,0,0,,0
2017,Djibouti,-,1761,1286,0,0,0,0,0,,0
2017,Dominica,-,26,63,0,0,0,0,0,,0
2017,"Dominican Rep.",-,427,3159,0,0,0,0,0,,0
2017,Ecuador,-,1251,17341,0,0,0,0,0,,0
2017,"Equatorial Guinea",-,127,110,0,0,0,0,0,,0
2017,Eritrea,-,486209,78308,468,0,0,0,145,,0
2017,Estonia,-,288,42,0,0,0,0,0,,0
2017,Ethiopia,-,87448,133659,0,1078429,0,0,4258,,0
2017,"French Guiana",-,0,11,0,0,0,0,0,,0
2017,Fiji,-,734,678,0,0,0,0,0,,0
2017,Finland,-,5,10,0,0,0,0,0,,0
2017,France,-,54,140,0,0,0,0,0,,0
2017,Gabon,-,216,696,5,0,0,0,0,,0
2017,Gambia,-,14564,22214,37,0,0,0,0,,0
2017,Palestinian,-,99630,8859,0,0,0,0,1661,,0
2017,"United Kingdom of Great Britain and Northern Ireland",-,85,158,0,0,0,0,0,,0
2017,Georgia,-,6535,16466,0,278103,0,0,0,,0
2017,Germany,-,66,179,0,0,0,0,0,,0
2017,Ghana,-,16959,17504,0,0,0,0,0,,0
2017,Guinea-Bissau,-,1870,3502,0,0,0,0,0,,0
2017,Greece,-,106,95,0,0,0,0,0,,0
2017,Grenada,-,103,62,0,0,0,0,0,,0
2017,Guatemala,-,16284,72726,0,0,0,0,0,,0
2017,Guinea,-,20333,34518,5,0,0,0,0,,0
2017,Guyana,-,260,482,0,0,0,0,0,,0
2017,Haiti,-,28424,37018,0,0,0,0,43871,,0
2017,"China, Hong Kong SAR",-,11,104,0,0,0,0,0,,0
2017,Honduras,-,14424,59782,0,174000,0,0,3200,,0
2017,Croatia,-,24869,268,44,0,0,0,8019,,0
2017,Hungary,-,3336,1656,0,0,0,0,5,,0
2017,Iceland,-,5,0,0,0,0,0,0,,0
2017,"Cote d'Ivoire",-,40009,26535,8302,0,0,0,20,,0
2017,India,-,7926,40356,0,0,0,0,235,,0
2017,Indonesia,-,12485,5384,0,0,0,0,0,,0
2017,Ireland,-,0,52,0,0,0,0,0,,0
2017,"Iran (Islamic Rep. of)",-,118639,75079,5,0,0,0,2729,,0
2017,Iraq,-,362536,272627,862,2615988,1546586,0,11227,,0
2017,Israel,-,469,691,0,0,0,0,0,,0
2017,Italy,-,52,282,0,0,0,0,0,,0
2017,Jamaica,-,2224,1430,0,0,0,0,0,,0
2017,Jordan,-,2119,3467,0,0,0,0,60,,0
2017,Japan,-,44,99,0,0,0,0,0,,0
2017,Kazakhstan,-,2406,3514,0,0,0,0,0,,0
2017,Kenya,-,7567,5714,0,0,0,0,12,,0
2017,Kyrgyzstan,-,2771,2570,0,0,0,0,0,,0
2017,"Rep. of Korea",-,239,381,0,0,0,0,0,,0
2017,"Dem. People's Rep. of Korea",-,1176,587,0,0,0,0,0,,0
2017,Kuwait,-,1097,951,0,0,0,0,5,,0
2017,"Lao People's Dem. Rep.",-,7056,223,0,0,0,0,0,,0
2017,Liberia,-,6039,3362,0,0,0,0,145,,0
2017,Libya,-,11205,6842,0,180937,149883,0,5,,0
2017,"Saint Lucia",-,995,178,0,0,0,0,0,,0
2017,Lebanon,-,5301,9285,0,0,0,0,0,,0
2017,Lesotho,-,6,20,0,0,0,0,0,,0
2017,"Sri Lanka",-,115632,18934,1586,39322,408,0,6,,0
2017,Lithuania,-,73,95,0,0,0,0,0,,0
2017,Latvia,-,162,105,0,0,0,0,0,,0
2017,"China, Macao SAR",-,0,10,0,0,0,0,0,,0
2017,Madagascar,-,292,73,0,0,0,0,5,,0
2017,Mauritania,-,36525,7543,0,0,0,0,5,,0
2017,"North Macedonia",-,1653,4038,0,0,0,0,0,,0
2017,Monaco,-,5,0,0,0,0,0,0,,0
2017,"Rep. of Moldova",-,2339,3418,0,0,0,0,0,,0
2017,Maldives,-,64,34,0,0,0,0,0,,0
2017,Mexico,-,11679,85078,0,0,0,0,0,,0
2017,"Marshall Islands",-,7,0,0,0,0,0,0,,0
2017,Mali,-,150305,15086,5075,38172,23240,0,366,,0
2017,Malaysia,-,540,9478,0,0,0,0,0,,0
2017,Malawi,-,434,3154,0,0,0,0,0,,0
2017,Mongolia,-,2227,4169,0,0,0,0,5,,0
2017,Morocco,-,3089,6853,0,0,0,0,15,,0
2017,Mozambique,-,48,12581,6231,15128,0,0,0,,0
2017,Malta,-,0,5,0,0,0,0,0,,0
2017,Montenegro,-,704,770,0,0,0,0,0,,0
2017,Mauritius,-,130,229,0,0,0,0,0,,0
2017,Myanmar,-,1156742,41088,0,353108,684,0,109,,0
2017,Namibia,-,1368,211,18,0,0,0,5,,0
2017,Nepal,-,8415,13186,0,0,0,0,382,,0
2017,"Netherlands (Kingdom of the)",-,39,64,0,0,0,0,0,,0
2017,Niger,-,1363,2399,0,129015,5867,0,14820,,0
2017,Nicaragua,-,1467,2722,0,0,0,0,0,,0
2017,Nigeria,-,238977,91924,305,1704080,381780,0,24,,0
2017,Niue,-,19,5,0,0,0,0,0,,0
2017,Norway,-,15,25,0,0,0,0,0,,0
2017,"New Zealand",-,34,27,0,0,0,0,0,,0
2017,Oman,-,39,22,0,0,0,0,0,,0
2017,Pakistan,-,128914,76885,17,174354,281640,0,0,,0
2017,Panama,-,36,126,0,0,0,0,0,,0
2017,Paraguay,-,77,175,0,0,0,0,0,,0
2017,Peru,-,2588,3497,0,0,0,0,0,,0
2017,Philippines,-,445,8081,0,311943,318483,0,80049,,0
2017,Palau,-,0,5,0,0,0,0,0,,0
2017,"Papua New Guinea",-,406,372,0,0,0,0,0,,0
2017,Poland,-,1123,784,0,0,0,0,0,,0
2017,Portugal,-,16,171,0,0,0,0,0,,0
2017,Qatar,-,31,39,0,0,0,0,0,,0
2017,Romania,-,1210,3256,0,0,0,0,0,,0
2017,"South Africa",-,461,1608,0,0,0,0,5,,0
2017,"Russian Federation",-,61584,38663,7,0,0,0,0,,0
2017,Rwanda,-,258986,12801,18109,0,0,0,6677,,0
2017,"El Salvador",-,25876,104901,0,71500,0,0,4200,,0
2017,"Saudi Arabia",-,1219,1247,0,0,0,0,9,,0
2017,"Serbia and Kosovo: S/RES/1244 (1999)",-,33246,12807,355,217453,193,0,0,,0
2017,Senegal,-,26584,25181,0,0,0,0,0,,0
2017,Seychelles,-,10,5,0,0,0,0,0,,0
2017,Singapore,-,48,55,0,0,0,0,0,,0
2017,"Sierra Leone",-,4496,6236,0,0,0,0,374,,0
2017,"Solomon Islands",-,57,106,0,0,0,0,0,,0
2017,Somalia,-,986386,58320,41476,2116705,0,0,230,,0
2017,Spain,-,39,197,0,0,0,0,0,,0
2017,"Viet Nam",-,334064,7115,0,0,0,0,68,,0
2017,"Saint Kitts and Nevis",-,51,18,0,0,0,0,0,,0
2017,"Sao Tome and Principe",-,31,23,0,0,0,0,0,,0
2017,Sudan,-,694556,52191,11675,1997022,386243,0,19,,0
2017,Suriname,-,17,44,0,0,0,0,0,,0
2017,"South Sudan",-,2439888,6452,2070,1903953,813,0,10000,,0
2017,Slovakia,-,913,699,0,0,0,0,0,,0
2017,Slovenia,-,17,14,0,0,0,0,0,,0
2017,Eswatini,-,231,40,0,0,0,0,0,,0
2017,Sweden,-,14,18,0,0,0,0,0,,0
2017,Switzerland,-,5,10,0,0,0,0,0,,0
2017,"Syrian Arab Rep.",-,6310498,147179,77212,6150005,597152,0,8596,,0
2017,"United Rep. of Tanzania",-,655,1455,0,0,0,0,15,,0
2017,"Turks and Caicos Islands",-,14,5,0,0,0,0,0,,0
2017,Thailand,-,164,1333,0,0,0,0,0,,0
2017,Tajikistan,-,1369,3617,0,0,0,0,0,,0
2017,Turkmenistan,-,365,1115,0,0,0,0,0,,0
2017,Timor-Leste,-,13,5,0,0,0,0,0,,0
2017,Togo,-,8115,3762,0,0,0,0,0,,0
2017,Tonga,-,34,106,0,0,0,0,0,,0
2017,"Trinidad and Tobago",-,310,303,0,0,0,0,15,,0
2017,Tunisia,-,1826,2330,0,0,0,0,7,,0
2017,Türkiye,-,61383,33801,0,0,0,0,10,,0
2017,"United Arab Emirates",-,137,207,0,0,0,0,0,,0
2017,Uganda,-,6409,10156,0,0,0,0,180000,,0
2017,Ukraine,-,139581,37670,5,1800000,0,0,5,,0
2017,Uruguay,-,12,174,0,0,0,0,0,,0
2017,"United States of America",-,310,2196,0,0,0,0,6,,0
2017,Uzbekistan,-,3405,3541,0,0,0,0,0,,0
2017,Vanuatu,-,0,14,0,0,0,0,0,,0
2017,"Saint Vincent and the Grenadines",-,1311,136,0,0,0,0,0,,0
2017,"Venezuela (Bolivarian Republic of)",-,9272,148096,0,0,0,0,345585,,0
2017,Samoa,-,0,11,0,0,0,0,0,,0
2017,"Western Sahara",-,116762,1843,0,0,0,0,0,,0
2017,Yemen,-,23555,24629,0,2014062,125034,0,10,,0
2017,Zambia,-,260,164,0,0,0,0,5,,0
2017,Zimbabwe,-,17420,21760,38,0,0,0,169,,0
2017,Stateless,-,53352,8890,0,0,0,3853982,0,,0
2017,Tibetan,-,13531,12,0,0,0,0,8,,0
2017,Guadeloupe,-,0,37,0,0,0,0,0,,0
2017,"Curacao ",-,35,0,0,0,0,0,0,,0
2017,"Unknown ",-,202190,34577,0,0,0,0,120348,,0
2018,Afghanistan,-,2681267,310107,16218,2106893,73527,0,489859,,0
2018,Albania,-,13512,21071,0,0,0,0,0,,0
2018,Algeria,-,4181,7447,0,0,0,0,11,,0
2018,Angola,-,8243,8904,0,0,0,0,18020,,0
2018,"Antigua and Barbuda",-,107,47,0,0,0,0,0,,0
2018,Egypt,-,24850,16760,0,0,0,0,47,,0
2018,Argentina,-,112,489,0,0,0,0,0,,0
2018,Armenia,-,11040,13697,0,0,0,0,5,,0
2018,Australia,-,10,17,0,0,0,0,0,,0
2018,Austria,-,24,10,0,0,0,0,0,,0
2018,Azerbaijan,-,11246,9318,0,620423,0,0,0,,0
2018,Bahrain,-,540,136,0,0,0,0,0,,0
2018,Barbados,-,211,81,0,0,0,0,0,,0
2018,Burundi,-,387850,53360,45534,31909,0,0,14148,,0
2018,Belgium,-,50,79,0,0,0,0,0,,0
2018,Benin,-,659,1078,0,0,0,0,6,,0
2018,Bangladesh,-,21022,58843,0,0,0,0,8,,0
2018,Bahamas,-,421,391,0,0,0,0,0,,0
2018,Bhutan,-,7100,390,0,0,0,0,0,,0
2018,"Burkina Faso",-,11447,4949,0,47030,0,0,0,,0
2018,Belarus,-,3526,3282,0,0,0,0,0,,0
2018,"Bolivia (Plurinational State of)",-,502,1004,0,0,0,0,0,,0
2018,Botswana,-,289,89,0,0,0,0,0,,0
2018,Brazil,-,1038,8570,0,0,0,0,0,,0
2018,"Bosnia and Herzegovina",-,16956,1619,0,96830,0,0,48907,,0
2018,Bulgaria,-,620,367,0,0,0,0,0,,0
2018,Belize,-,68,219,0,0,0,0,0,,0
2018,Cambodia,-,12139,749,0,0,0,0,0,,0
2018,Canada,-,81,79,0,0,0,0,0,,0
2018,"Central African Rep.",-,590858,17278,35182,640970,306246,0,21697,,0
2018,"Cayman Islands",-,6,0,0,0,0,0,0,,0
2018,Chad,-,10895,4401,6352,165314,0,0,16724,,0
2018,China,-,212039,94351,0,0,0,0,0,,0
2018,Chile,-,479,514,0,0,0,0,0,,0
2018,Cameroon,-,45118,18638,0,668494,67653,0,11,,0
2018,Congo,-,13354,11762,0,138000,0,0,92,,0
2018,"Dem. Rep. of the Congo",-,720302,133422,6623,4516866,0,0,10862,,0
2018,Comoros,-,624,500,0,0,0,0,0,,0
2018,Colombia,-,138583,45674,23896,7816473,0,0,0,,0
2018,"Costa Rica",-,207,548,0,0,0,0,0,,0
2018,Cuba,-,5488,26597,0,0,0,0,0,,0
2018,"Cabo Verde",-,10,206,0,0,0,0,0,,0
2018,Cyprus,-,7,20,0,0,0,0,0,,0
2018,Czechia,-,1236,224,0,0,0,0,0,,0
2018,Denmark,-,0,35,0,0,0,0,0,,0
2018,Djibouti,-,2124,1100,0,0,0,0,0,,0
2018,Dominica,-,36,56,0,0,0,0,0,,0
2018,"Dominican Rep.",-,472,3406,0,0,0,0,0,,0
2018,Ecuador,-,1424,17727,0,0,0,0,0,,0
2018,"Equatorial Guinea",-,140,176,0,0,0,0,0,,0
2018,Eritrea,-,507260,78584,297,0,0,0,86,,0
2018,Estonia,-,281,37,0,0,0,0,0,,0
2018,Ethiopia,-,92232,133254,16,2615800,0,0,4228,,0
2018,"French Guiana",-,0,23,0,0,0,0,0,,0
2018,Fiji,-,675,1297,0,0,0,0,0,,0
2018,Finland,-,5,5,0,0,0,0,0,,0
2018,France,-,59,219,0,0,0,0,0,,0
2018,Gabon,-,342,739,0,0,0,0,0,,0
2018,Gambia,-,17237,14016,0,0,0,0,0,,0
2018,Palestinian,-,100728,13461,0,0,0,0,1459,,0
2018,"United Kingdom of Great Britain and Northern Ireland",-,84,184,0,0,0,0,0,,0
2018,Georgia,-,6983,21006,0,282382,0,0,0,,0
2018,Germany,-,61,176,0,0,0,0,0,,0
2018,Ghana,-,18071,12542,0,0,0,0,0,,0
2018,Guinea-Bissau,-,2043,2850,0,0,0,0,0,,0
2018,Greece,-,107,128,0,0,0,0,0,,0
2018,Grenada,-,96,59,0,0,0,0,0,,0
2018,Guatemala,-,19128,86875,0,0,0,0,24,,0
2018,Guinea,-,23493,33045,0,0,0,0,0,,0
2018,Guyana,-,283,551,0,0,0,0,0,,0
2018,Haiti,-,27517,40973,0,0,0,0,0,,0
2018,"China, Hong Kong SAR",-,11,22,0,0,0,0,0,,0
2018,Honduras,-,18857,76526,0,174001,0,0,46419,,0
2018,Croatia,-,24105,79,10,0,0,0,4376,,0
2018,Hungary,-,3927,804,0,0,0,0,0,,0
2018,Iceland,-,5,5,0,0,0,0,0,,0
2018,"Cote d'Ivoire",-,38316,22855,2837,0,0,0,16,,0
2018,India,-,9586,51802,0,0,0,0,214,,0
2018,Indonesia,-,12148,3395,0,0,0,0,0,,0
2018,Ireland,-,0,59,0,0,0,0,0,,0
2018,"Iran (Islamic Rep. of)",-,129941,87367,8,0,0,0,87,,0
2018,Iraq,-,372332,256716,62,1802832,944958,0,7901,,0
2018,Israel,-,492,683,0,0,0,0,0,,0
2018,Italy,-,69,381,0,0,0,0,0,,0
2018,Jamaica,-,2448,1495,0,0,0,0,0,,0
2018,Jordan,-,2430,4119,0,0,0,0,1431,,0
2018,Japan,-,42,114,0,0,0,0,0,,0
2018,Kazakhstan,-,2520,5833,0,0,0,0,0,,0
2018,Kenya,-,7480,7287,0,0,0,0,0,,0
2018,Kyrgyzstan,-,2934,2721,0,0,0,0,0,,0
2018,"Rep. of Korea",-,274,536,0,0,0,0,0,,0
2018,"Dem. People's Rep. of Korea",-,797,146,0,0,0,0,0,,0
2018,Kuwait,-,1251,1220,0,0,0,0,0,,0
2018,"Lao People's Dem. Rep.",-,6943,294,0,0,0,0,0,,0
2018,Liberia,-,5508,2986,0,0,0,0,88,,0
2018,Libya,-,13868,6786,0,170491,43681,0,8,,0
2018,"Saint Lucia",-,1025,65,0,0,0,0,0,,0
2018,Lebanon,-,5620,8058,0,0,0,0,14,,0
2018,Lesotho,-,6,38,0,0,0,0,0,,0
2018,"Sri Lanka",-,113955,14517,1421,35473,3849,0,0,,0
2018,Lithuania,-,66,89,0,0,0,0,0,,0
2018,Luxembourg,-,0,5,0,0,0,0,0,,0
2018,Latvia,-,152,103,0,0,0,0,0,,0
2018,"China, Macao SAR",-,0,25,0,0,0,0,0,,0
2018,Madagascar,-,298,111,0,0,0,0,0,,0
2018,Mauritania,-,37050,8121,0,0,0,0,0,,0
2018,"North Macedonia",-,1721,3228,0,0,0,0,0,,0
2018,Monaco,-,5,0,0,0,0,0,0,,0
2018,"Rep. of Moldova",-,2397,4537,0,0,0,0,0,,0
2018,Maldives,-,74,35,0,0,0,0,0,,0
2018,Mexico,-,12870,89794,0,0,0,0,0,,0
2018,"Marshall Islands",-,7,0,0,0,0,0,0,,0
2018,Mali,-,158267,10891,6676,120298,0,0,0,,0
2018,Malaysia,-,817,15037,0,0,0,0,0,,0
2018,Malawi,-,472,2800,0,0,0,0,0,,0
2018,Mongolia,-,2249,4389,0,0,0,0,5,,0
2018,Morocco,-,3873,8163,0,0,0,0,20,,0
2018,Mozambique,-,57,8977,8845,0,8845,0,0,,0
2018,Malta,-,5,10,0,0,0,0,0,,0
2018,Montenegro,-,715,633,0,0,0,0,0,,0
2018,Mauritius,-,156,294,0,0,0,0,0,,0
2018,Myanmar,-,1145149,30459,93,370306,379,0,98,,0
2018,Namibia,-,1331,332,106,0,0,0,0,,0
2018,Nepal,-,8590,9074,0,0,0,0,328,,0
2018,"Netherlands (Kingdom of the)",-,41,91,0,0,0,0,0,,0
2018,Niger,-,2715,2053,0,156137,24727,0,25731,,0
2018,Nicaragua,-,1671,32265,0,0,0,0,0,,0
2018,Nigeria,-,276834,84624,0,2167925,176155,0,1424,,0
2018,Niue,-,19,5,0,0,0,0,0,,0
2018,Norway,-,5,11,0,0,0,0,0,,0
2018,"New Zealand",-,34,14,0,0,0,0,0,,0
2018,Oman,-,42,28,0,0,0,0,0,,0
2018,Pakistan,-,132248,75337,11,96384,83454,0,0,,0
2018,Panama,-,44,141,0,0,0,0,0,,0
2018,Paraguay,-,73,278,0,0,0,0,0,,0
2018,Peru,-,2579,4895,0,0,0,0,0,,0
2018,Philippines,-,522,3804,0,77651,445655,0,80038,,0
2018,"Papua New Guinea",-,424,445,0,0,0,0,0,,0
2018,Poland,-,1085,912,0,0,0,0,0,,0
2018,Portugal,-,20,245,0,0,0,0,0,,0
2018,Qatar,-,30,33,0,0,0,0,0,,0
2018,Romania,-,1155,4253,0,0,0,0,0,,0
2018,"South Africa",-,482,2399,0,0,0,0,5,,0
2018,"Russian Federation",-,61457,43268,32,0,0,0,0,,0
2018,Rwanda,-,247469,13772,3074,0,0,0,14998,,0
2018,"El Salvador",-,32562,119271,0,71501,0,0,27285,,0
2018,"Saudi Arabia",-,1492,1436,0,0,0,0,10,,0
2018,"Serbia and Kosovo: S/RES/1244 (1999)",-,32368,9702,6,215794,197,0,0,,0
2018,Senegal,-,18208,17409,0,0,0,0,0,,0
2018,Seychelles,-,15,0,0,0,0,0,0,,0
2018,Singapore,-,46,70,0,0,0,0,0,,0
2018,"Sierra Leone",-,4846,7422,0,0,0,0,0,,0
2018,"Solomon Islands",-,33,145,0,0,0,0,0,,0
2018,Somalia,-,949637,55852,13081,2648001,0,0,130,,0
2018,Spain,-,46,238,0,0,0,0,0,,0
2018,"Viet Nam",-,334464,5571,0,0,0,0,68,,0
2018,"Saint Kitts and Nevis",-,58,11,0,0,0,0,0,,0
2018,"Sao Tome and Principe",-,31,25,0,0,0,0,0,,0
2018,Sudan,-,724787,67433,1804,1864195,0,0,0,,0
2018,Suriname,-,22,57,0,0,0,0,0,,0
2018,"South Sudan",-,2285301,12701,136155,1878154,0,0,10000,,0
2018,Slovakia,-,1218,390,0,0,0,0,0,,0
2018,Slovenia,-,19,10,0,0,0,0,0,,0
2018,Eswatini,-,237,48,0,0,0,0,0,,0
2018,Sweden,-,16,29,0,0,0,0,0,,0
2018,Switzerland,-,5,13,0,0,0,0,0,,0
2018,"Syrian Arab Rep.",-,6654374,139576,210946,6183920,0,0,8453,,0
2018,"United Rep. of Tanzania",-,723,1659,0,0,0,0,10,,0
2018,"Turks and Caicos Islands",-,14,0,0,0,0,0,0,,0
2018,Thailand,-,183,2792,0,0,0,0,0,,0
2018,Tajikistan,-,1695,3192,0,0,0,0,0,,0
2018,Turkmenistan,-,457,1264,0,0,0,0,0,,0
2018,Timor-Leste,-,12,10,0,0,0,0,0,,0
2018,Togo,-,8029,3546,0,0,0,0,0,,0
2018,Tonga,-,32,170,0,0,0,0,0,,0
2018,"Trinidad and Tobago",-,323,305,0,0,0,0,15,,0
2018,Tunisia,-,1985,2749,0,0,0,0,0,,0
2018,Türkiye,-,68900,42915,0,0,0,0,10,,0
2018,"United Arab Emirates",-,169,272,0,0,0,0,0,,0
2018,Uganda,-,7034,10956,0,0,0,0,180000,,0
2018,Ukraine,-,93248,31965,5,1500002,0,0,0,,0
2018,Uruguay,-,7,203,0,0,0,0,0,,0
2018,"United States of America",-,332,2834,0,0,0,0,0,,0
2018,Uzbekistan,-,3276,4606,5,0,0,0,0,,0
2018,Vanuatu,-,0,52,0,0,0,0,0,,0
2018,"Saint Vincent and the Grenadines",-,1258,56,0,0,0,0,0,,0
2018,"Venezuela (Bolivarian Republic of)",-,21047,464223,5,0,0,0,0,2592947,0
2018,Samoa,-,0,42,0,0,0,0,0,,0
2018,"Western Sahara",-,116790,1803,0,0,0,0,0,,0
2018,Yemen,-,31145,35876,0,2144719,133600,0,0,,0
2018,Zambia,-,266,254,0,0,0,0,0,,0
2018,Zimbabwe,-,15618,17121,21,0,0,0,110,,0
2018,Stateless,-,55765,7090,0,0,0,3851981,16,,0
2018,Tibetan,-,13527,0,0,0,0,0,0,,0
2018,Guadeloupe,-,0,11,0,0,0,0,0,,0
2018,"Curacao ",-,35,0,0,0,0,0,0,,0
2018,"Unknown ",-,216540,65554,0,0,0,0,147254,,0
2019,Afghanistan,-,2727556,251047,8404,2553390,0,0,450675,,0
2019,Albania,-,15027,19007,0,0,0,0,0,,0
2019,Algeria,-,4514,7703,0,0,0,0,107,,0
2019,Angola,-,8176,10772,0,0,0,0,18243,,0
2019,"Antigua and Barbuda",-,117,65,0,0,0,0,0,,0
2019,Egypt,-,27416,16627,0,0,0,0,349,,0
2019,Argentina,-,99,932,0,0,0,0,5,,0
2019,Armenia,-,10962,11097,0,0,0,0,5,,0
2019,Australia,-,20,50,0,0,0,0,0,,0
2019,Austria,-,18,10,0,0,0,0,0,,0
2019,Azerbaijan,-,11626,8232,0,652326,0,0,0,,0
2019,Bahrain,-,557,156,0,0,0,0,0,,0
2019,Barbados,-,243,116,0,0,0,0,0,,0
2019,Burundi,-,380900,53166,21178,33256,0,0,17605,,0
2019,Belgium,-,34,105,0,0,0,0,0,,0
2019,Benin,-,721,1214,0,0,0,0,6,,0
2019,Bangladesh,-,22766,62860,0,0,0,0,502,,0
2019,Bahamas,-,501,528,0,0,0,0,0,,0
2019,Bhutan,-,6839,413,0,0,0,0,0,,0
2019,"Burkina Faso",-,11733,4996,0,560033,0,0,2190,,0
2019,Belarus,-,3425,4012,0,0,0,0,0,,0
2019,"Bolivia (Plurinational State of)",-,514,1238,0,0,0,0,0,,0
2019,Botswana,-,228,139,0,0,0,0,0,,0
2019,Brazil,-,1399,12034,0,0,0,0,0,,0
2019,"Brunei Darussalam",-,0,10,0,0,0,0,0,,0
2019,"Bosnia and Herzegovina",-,16556,1487,0,96421,0,0,48907,,0
2019,Bulgaria,-,566,344,0,0,0,0,5,,0
2019,Belize,-,73,278,0,0,0,0,0,,0
2019,Cambodia,-,11986,846,0,0,0,0,0,,0
2019,Canada,-,71,88,0,0,0,0,0,,0
2019,"Central African Rep.",-,610152,15935,46523,669906,90672,0,1570,,0
2019,"Cayman Islands",-,6,0,0,0,0,0,0,,0
2019,Chad,-,11163,5335,306,170278,0,0,122367,,0
2019,China,-,212863,104248,0,0,0,0,0,,0
2019,Chile,-,486,1251,0,0,0,0,0,,0
2019,Cameroon,-,66241,21865,0,950263,347923,0,10,,0
2019,Congo,-,12743,11227,5,134430,5312,0,37,,0
2019,"Dem. Rep. of the Congo",-,802974,145502,23860,5014253,2134349,0,13128,,0
2019,Comoros,-,658,1459,0,0,0,0,0,,0
2019,Colombia,-,189254,75548,31,7976412,0,0,400000,,0
2019,"Costa Rica",-,206,739,0,0,0,0,0,,0
2019,Cuba,-,6625,55944,0,0,0,0,0,,0
2019,"Cabo Verde",-,10,250,0,0,0,0,0,,0
2019,Cyprus,-,0,35,0,0,0,0,0,,0
2019,Czechia,-,1166,181,0,0,0,0,0,,0
2019,Denmark,-,5,37,0,0,0,0,0,,0
2019,Djibouti,-,2351,834,0,0,0,0,0,,0
2019,Dominica,-,50,82,0,0,0,0,0,,0
2019,"Dominican Rep.",-,546,4038,0,0,0,0,0,,0
2019,Ecuador,-,1644,19340,0,0,0,0,0,,0
2019,"Equatorial Guinea",-,156,166,0,0,0,0,0,,0
2019,Eritrea,-,504300,72164,434,0,0,0,134,,0
2019,Estonia,-,274,55,0,0,0,0,0,,0
2019,Ethiopia,-,93467,135267,139,1733628,1303736,0,3881,,0
2019,"French Guiana",-,0,24,0,0,0,0,0,,0
2019,Fiji,-,591,2343,0,0,0,0,0,,0
2019,Finland,-,0,10,0,0,0,0,0,,0
2019,France,-,50,268,0,0,0,0,0,,0
2019,Gabon,-,440,893,0,0,0,0,0,,0
2019,Gambia,-,17813,9161,0,0,0,0,0,,0
2019,Palestinian,-,96253,11537,0,0,0,0,1104,,0
2019,"United Kingdom of Great Britain and Northern Ireland",-,69,227,0,0,0,0,0,,0
2019,Georgia,-,7519,19734,0,286216,0,0,0,,0
2019,Germany,-,69,201,0,0,0,0,0,,0
2019,Ghana,-,18432,10551,0,0,0,0,0,,0
2019,Guinea-Bissau,-,2093,2665,0,0,0,0,0,,0
2019,Greece,-,95,133,0,0,0,0,0,,0
2019,Grenada,-,80,89,0,0,0,0,0,,0
2019,Guatemala,-,22770,119521,0,0,0,0,47836,,0
2019,Guinea,-,26857,30409,0,0,0,0,0,,0
2019,Guyana,-,284,676,0,0,0,0,0,,0
2019,Haiti,-,26734,65684,0,0,0,0,0,,0
2019,"China, Hong Kong SAR",-,5,222,0,0,0,0,0,,0
2019,Honduras,-,26351,122480,0,247090,0,0,72837,,0
2019,Croatia,-,23793,65,13,0,0,0,3754,,0
2019,Hungary,-,4007,671,0,0,0,0,5,,0
2019,Iceland,-,5,5,0,0,0,0,0,,0
2019,"Cote d'Ivoire",-,39351,19881,3245,0,0,0,32,,0
2019,India,-,11787,65965,0,0,0,0,294,,0
2019,Indonesia,-,12039,4323,0,0,0,0,0,,0
2019,Ireland,-,0,90,0,0,0,0,0,,0
2019,"Iran (Islamic Rep. of)",-,128998,86093,5,0,0,0,405,,0
2019,Iraq,-,336274,302731,100,1414632,431130,0,31760,,0
2019,Israel,-,452,690,0,0,0,0,0,,0
2019,Italy,-,76,431,0,0,0,0,0,,0
2019,Jamaica,-,2529,1798,0,0,0,0,0,,0
2019,Jordan,-,2308,4722,0,0,0,0,1954,,0
2019,Japan,-,39,111,0,0,0,0,0,,0
2019,Kazakhstan,-,2757,6982,0,0,0,0,0,,0
2019,Kenya,-,7705,7879,0,0,0,0,5,,0
2019,Kyrgyzstan,-,2963,2593,0,0,0,0,0,,0
2019,"Rep. of Korea",-,180,643,0,0,0,0,0,,0
2019,"Dem. People's Rep. of Korea",-,758,112,0,0,0,0,0,,0
2019,Kuwait,-,1300,1402,0,0,0,0,10,,0
2019,"Lao People's Dem. Rep.",-,6757,390,0,0,0,0,0,,0
2019,Liberia,-,5365,2953,6,0,0,0,33,,0
2019,Libya,-,16033,5986,0,355672,4369,0,42,,0
2019,"Saint Lucia",-,843,74,0,0,0,0,0,,0
2019,Lebanon,-,5647,8032,0,0,0,0,5030,,0
2019,Lesotho,-,6,49,0,0,0,0,0,,0
2019,Liechtenstein,-,0,14,0,0,0,0,0,,0
2019,"Sri Lanka",-,110341,16062,1068,25110,10363,0,10,,0
2019,Lithuania,-,61,76,0,0,0,0,0,,0
2019,Luxembourg,-,5,0,0,0,0,0,0,,0
2019,Latvia,-,144,98,0,0,0,0,0,,0
2019,"China, Macao SAR",-,0,33,0,0,0,0,0,,0
2019,Madagascar,-,298,264,0,0,0,0,0,,0
2019,Mauritania,-,37423,8580,0,0,0,0,0,,0
2019,"North Macedonia",-,1784,2526,0,0,0,0,0,,0
2019,Monaco,-,5,0,0,0,0,0,0,,0
2019,"Rep. of Moldova",-,2427,5653,0,0,0,0,0,,0
2019,Maldives,-,75,11,0,0,0,0,0,,0
2019,Mexico,-,14621,101654,0,0,0,0,0,,0
2019,"Marshall Islands",-,7,0,0,0,0,0,0,,0
2019,Mali,-,164466,8582,5249,207751,35101,0,5,,0
2019,Malaysia,-,906,21259,0,0,0,0,0,,0
2019,Malawi,-,514,2570,0,0,0,0,0,,0
2019,Mongolia,-,2364,4057,0,0,0,0,10,,0
2019,Morocco,-,4642,8322,0,0,0,0,260,,0
2019,Mozambique,-,77,8734,0,180516,0,0,0,,0
2019,Malta,-,5,15,0,0,0,0,0,,0
2019,Montenegro,-,659,606,0,0,0,0,0,,0
2019,Mauritius,-,178,304,0,0,0,0,0,,0
2019,Myanmar,-,1076826,37457,875,312018,1641,0,119,,0
2019,Namibia,-,459,756,14,0,0,0,0,,0
2019,Nepal,-,8034,9940,0,0,0,0,345,,0
2019,"Netherlands (Kingdom of the)",-,55,102,0,0,0,0,0,,0
2019,Niger,-,3063,2420,0,191902,0,0,29882,,0
2019,Nicaragua,-,4376,66869,0,0,0,0,224,,0
2019,Nigeria,-,295578,112382,134,2195779,18356,0,7,,0
2019,Niue,-,19,6,0,0,0,0,0,,0
2019,Norway,-,5,11,0,0,0,0,0,,0
2019,Nauru,-,0,15,0,0,0,0,0,,0
2019,"New Zealand",-,34,27,0,0,0,0,0,,0
2019,Oman,-,42,59,0,0,0,0,0,,0
2019,Pakistan,-,136902,66245,6,100680,18,0,2871,,0
2019,Panama,-,45,240,0,0,0,0,0,,0
2019,Paraguay,-,84,632,0,0,0,0,0,,0
2019,Peru,-,2765,8669,0,0,0,0,0,,0
2019,Philippines,-,554,4732,0,178897,115106,0,55029,,0
2019,"Papua New Guinea",-,475,549,0,0,0,0,0,,0
2019,Poland,-,961,1016,0,0,0,0,0,,0
2019,Portugal,-,25,338,0,0,0,0,0,,0
2019,Qatar,-,36,36,0,0,0,0,0,,0
2019,Romania,-,1352,3910,0,0,0,0,0,,0
2019,"South Africa",-,441,2839,0,0,0,0,6,,0
2019,"Russian Federation",-,62353,48282,5,0,0,0,0,,0
2019,Rwanda,-,246407,15726,2146,0,0,0,15566,,0
2019,"El Salvador",-,41816,136277,0,71500,0,0,33192,,0
2019,"Saudi Arabia",-,1721,1410,0,0,0,0,26,,0
2019,"Serbia and Kosovo: S/RES/1244 (1999)",-,31251,7463,39,214696,165,0,0,,0
2019,Senegal,-,17208,15331,0,0,0,0,0,,0
2019,Seychelles,-,15,6,0,0,0,0,0,,0
2019,Singapore,-,39,88,0,0,0,0,0,,0
2019,"Sierra Leone",-,5288,7272,0,0,0,0,0,,0
2019,"Solomon Islands",-,34,227,0,0,0,0,0,,0
2019,Somalia,-,901596,53083,6241,2648000,22555,0,160,,0
2019,Spain,-,51,276,0,0,0,0,0,,0
2019,"Viet Nam",-,316441,8095,0,0,0,0,68,,0
2019,"Saint Kitts and Nevis",-,57,17,0,0,0,0,0,,0
2019,"Sao Tome and Principe",-,28,29,0,0,0,0,0,,0
2019,Sudan,-,734780,72017,2191,1885782,0,0,7,,0
2019,Suriname,-,17,72,0,0,0,0,0,,0
2019,"South Sudan",-,2234805,5616,99816,1665815,276463,0,10000,,0
2019,Slovakia,-,1343,231,0,0,0,0,0,,0
2019,Slovenia,-,19,15,0,0,0,0,0,,0
2019,Eswatini,-,224,97,0,0,0,0,0,,0
2019,Sweden,-,13,35,0,0,0,0,0,,0
2019,Switzerland,-,5,20,0,0,0,0,0,,0
2019,"Syrian Arab Rep.",-,6615249,118450,94981,6146994,477360,0,7612,,0
2019,"United Rep. of Tanzania",-,695,1963,0,0,0,0,45,,0
2019,"Turks and Caicos Islands",-,14,0,0,0,0,0,0,,0
2019,Thailand,-,173,3531,0,0,0,0,0,,0
2019,Tajikistan,-,1987,2661,0,0,0,0,0,,0
2019,Turkmenistan,-,478,576,0,0,0,0,0,,0
2019,Timor-Leste,-,17,41,0,0,0,0,0,,0
2019,Togo,-,8034,3380,30,0,0,0,0,,0
2019,Tonga,-,32,419,0,0,0,0,0,,0
2019,"Trinidad and Tobago",-,307,408,0,0,0,0,200,,0
2019,Tunisia,-,2068,2668,0,0,0,0,14,,0
2019,Türkiye,-,83239,46941,0,0,0,0,57,,0
2019,"United Arab Emirates",-,155,181,0,0,0,0,0,,0
2019,Uganda,-,7301,11433,0,0,0,0,7,,2304506
2019,Ukraine,-,59844,27991,0,734000,0,0,1680257,,0
2019,Uruguay,-,15,311,0,0,0,0,0,,0
2019,"United States of America",-,297,2940,0,0,0,0,12,,0
2019,Uzbekistan,-,3217,5002,0,0,0,0,0,,0
2019,Vanuatu,-,0,75,0,0,0,0,0,,0
2019,"Holy See",-,0,5,0,0,0,0,0,,0
2019,"Saint Vincent and the Grenadines",-,979,77,0,0,0,0,0,,0
2019,"Venezuela (Bolivarian Republic of)",-,93239,794491,0,0,0,0,494503,3582202,0
2019,Samoa,-,0,84,0,0,0,0,0,,0
2019,"Western Sahara",-,116908,955,0,0,0,0,5,,0
2019,Yemen,-,36522,34328,5,3625716,69174,0,49,,0
2019,Zambia,-,259,459,0,0,0,0,5,,0
2019,Zimbabwe,-,10045,16177,132,270000,0,0,121,,0
2019,Stateless,-,68784,7258,0,0,0,4217774,12467,,0
2019,Tibetan,-,12555,0,0,0,0,0,0,,0
2019,"Curacao ",-,35,0,0,0,0,0,0,,0
2019,"Unknown ",-,183117,122408,0,0,0,0,269211,,0
2020,Afghanistan,-,2594827,238791,2311,2886317,0,0,87499,,0
2020,Albania,-,15523,17628,0,0,0,0,0,,0
2020,Algeria,-,4571,7779,0,0,0,0,96,,0
2020,Andorra,-,0,5,0,0,0,0,0,,0
2020,Angola,-,8196,12402,0,0,0,0,19041,,0
2020,"Antigua and Barbuda",-,108,51,0,0,0,0,0,,0
2020,Egypt,-,26553,16313,0,0,0,0,88,,0
2020,Argentina,-,99,1189,0,0,0,0,5,,0
2020,Armenia,-,10334,8850,0,0,0,0,0,,0
2020,Australia,-,20,12,0,0,0,0,0,,0
2020,Austria,-,18,0,0,0,0,0,0,,0
2020,Azerbaijan,-,101468,6425,0,653921,0,0,0,,0
2020,Bahrain,-,534,118,0,0,0,0,0,,0
2020,Barbados,-,230,120,0,0,0,0,0,,0
2020,Burundi,-,372951,50227,40852,21863,11393,0,17448,,0
2020,Belgium,-,28,62,0,0,0,0,0,,0
2020,Benin,-,606,1350,0,0,0,0,12,,0
2020,Bangladesh,-,18948,64636,0,0,0,0,1271,,472000
2020,Bahamas,-,534,695,0,0,0,0,0,,0
2020,Bhutan,-,6741,411,0,0,0,0,0,,0
2020,"Burkina Faso",-,15694,5110,0,1074993,0,0,3803,,0
2020,Belarus,-,3139,4698,0,0,0,0,0,,0
2020,"Bolivia (Plurinational State of)",-,535,1370,0,0,0,0,0,,0
2020,Botswana,-,191,134,0,0,0,0,0,,0
2020,Brazil,-,1548,16857,0,0,0,0,0,,0
2020,"Brunei Darussalam",-,0,10,0,0,0,0,0,,0
2020,"Bosnia and Herzegovina",-,15578,1358,0,96305,0,0,1128,,0
2020,Bulgaria,-,510,350,0,0,0,0,5,,0
2020,Belize,-,68,314,0,0,0,0,0,,0
2020,Cambodia,-,11862,916,0,0,0,0,0,,0
2020,Canada,-,65,108,0,0,0,0,0,,0
2020,"Central African Rep.",-,642161,13458,4978,681930,158247,0,1669,,0
2020,"Cayman Islands",-,5,0,0,0,0,0,0,,0
2020,Chad,-,10388,6224,0,336124,0,0,99842,,0
2020,China,-,175361,108071,0,0,0,0,6,,0
2020,Chile,-,659,2111,0,0,0,0,0,,0
2020,Cameroon,-,78481,23013,18279,1032942,465757,0,5,,0
2020,Congo,-,12590,12836,5,134430,0,0,38,,0
2020,"Dem. Rep. of the Congo",-,840392,145372,390,5198131,1434272,0,14077,,0
2020,Comoros,-,748,2688,0,0,0,0,0,,0
2020,Colombia,-,189866,70917,0,8252788,0,0,500013,,741889
2020,"Costa Rica",-,208,800,0,0,0,0,0,,0
2020,Cuba,-,8912,62234,10,0,0,0,130,,0
2020,"Cabo Verde",-,5,258,0,0,0,0,0,,0
2020,Cyprus,-,0,19,0,0,0,0,0,,0
2020,Czechia,-,1112,158,0,0,0,0,0,,0
2020,Denmark,-,5,17,0,0,0,0,0,,0
2020,Djibouti,-,2419,883,0,0,0,0,0,,1301
2020,Dominica,-,55,74,0,0,0,0,0,,0
2020,"Dominican Rep.",-,550,4244,0,0,0,0,0,,0
2020,Ecuador,-,1689,22090,0,0,0,0,0,,0
2020,"Equatorial Guinea",-,145,193,0,0,0,0,0,,0
2020,Eritrea,-,524738,72942,0,0,0,0,9703,,0
2020,Estonia,-,277,43,0,0,0,0,0,,0
2020,Ethiopia,-,151426,125072,89,2733628,0,0,3925,,0
2020,"French Guiana",-,0,27,0,0,0,0,0,,0
2020,Fiji,-,516,2683,0,0,0,0,0,,0
2020,France,-,49,175,0,0,0,0,0,,0
2020,Gabon,-,454,1115,0,0,0,0,0,,0
2020,Gambia,-,10579,7091,0,0,0,0,0,,0
2020,Palestinian,-,100153,12456,0,0,0,0,969,,0
2020,"United Kingdom of Great Britain and Northern Ireland",-,62,200,0,0,0,0,0,,0
2020,Georgia,-,7346,15408,0,288538,0,0,0,,0
2020,Germany,-,71,166,0,0,0,0,0,,0
2020,Ghana,-,13844,10092,0,0,0,0,5,,0
2020,Guinea-Bissau,-,1638,2713,0,0,0,0,0,,0
2020,Greece,-,90,122,0,0,0,0,0,,0
2020,Grenada,-,70,81,0,0,0,0,0,,0
2020,Guatemala,-,24544,146111,0,0,0,0,27264,,0
2020,Guinea,-,26792,31566,0,0,0,0,0,,0
2020,Guyana,-,267,708,0,0,0,0,0,,0
2020,Haiti,-,25649,80225,0,0,0,0,130,,0
2020,"China, Hong Kong SAR",-,15,487,0,0,0,0,0,,0
2020,Honduras,-,34456,148935,0,247090,0,0,115567,,0
2020,Croatia,-,23451,58,5,0,0,0,3301,,0
2020,Hungary,-,4617,602,0,0,0,0,0,,0
2020,Iceland,-,5,0,0,0,0,0,0,,0
2020,"Cote d'Ivoire",-,37525,34216,331,5394,11338,0,31,,0
2020,India,-,12398,69959,0,0,0,0,269,,0
2020,Indonesia,-,13029,4940,0,0,0,0,170,,0
2020,Ireland,-,0,94,0,0,0,0,0,,0
2020,"Iran (Islamic Rep. of)",-,135018,77229,5,0,0,0,532,,0
2020,Iraq,-,333200,272567,1505,1224108,278065,0,31258,,0
2020,Israel,-,373,663,0,0,0,0,0,,0
2020,Italy,-,62,471,0,0,0,0,0,,0
2020,Jamaica,-,2526,1902,0,0,0,0,0,,0
2020,Jordan,-,2486,4984,0,0,0,0,836,,0
2020,Japan,-,40,121,0,0,0,0,0,,0
2020,Kazakhstan,-,2741,5978,0,0,0,0,0,,0
2020,Kenya,-,7422,8959,0,0,0,0,0,,44000
2020,Kyrgyzstan,-,2883,2695,0,0,0,0,0,,0
2020,"Rep. of Korea",-,146,723,0,0,0,0,0,,0
2020,"Dem. People's Rep. of Korea",-,689,88,0,0,0,0,0,,0
2020,Kuwait,-,1422,1415,0,0,0,0,15,,0
2020,"Lao People's Dem. Rep.",-,6665,463,0,0,0,0,0,,0
2020,Liberia,-,5195,3073,0,0,0,0,19,,0
2020,Libya,-,17523,5440,0,278177,105414,0,83,,0
2020,"Saint Lucia",-,726,83,0,0,0,0,0,,0
2020,Lebanon,-,5495,7964,0,0,0,0,4746,,0
2020,Lesotho,-,6,38,0,0,0,0,0,,0
2020,Liechtenstein,-,0,5,0,0,0,0,0,,0
2020,"Sri Lanka",-,142664,15061,212,25013,97,0,0,,0
2020,Lithuania,-,58,78,0,0,0,0,0,,0
2020,Luxembourg,-,5,0,0,0,0,0,0,,0
2020,Latvia,-,143,92,0,0,0,0,0,,0
2020,"China, Macao SAR",-,0,44,0,0,0,0,0,,0
2020,Madagascar,-,268,338,0,0,0,0,0,,0
2020,Martinique,-,0,5,0,0,0,0,0,,0
2020,Mauritania,-,37931,9252,0,0,0,0,0,,0
2020,"North Macedonia",-,1576,1715,0,0,0,0,10,,0
2020,"Rep. of Moldova",-,2206,5510,0,0,0,0,0,,0
2020,Maldives,-,78,23,0,0,0,0,0,,0
2020,Mexico,-,15398,111728,0,0,0,0,0,,0
2020,"Marshall Islands",-,7,50,0,0,0,0,0,,0
2020,Mali,-,164588,11131,6232,332957,20473,0,5,,0
2020,Malaysia,-,1058,21474,0,0,0,0,0,,0
2020,Malawi,-,514,2168,0,0,0,0,0,,0
2020,Mongolia,-,2277,4127,0,0,0,0,8,,0
2020,Morocco,-,4467,8239,0,0,0,0,402,,0
2020,Mozambique,-,81,8674,0,668038,0,0,0,,0
2020,Malta,-,5,10,0,0,0,0,0,,0
2020,Montenegro,-,530,634,0,0,0,0,0,,0
2020,Mauritius,-,176,338,0,0,0,0,0,,0
2020,Myanmar,-,1103245,40207,5,370320,2992,0,151,,0
2020,Namibia,-,457,841,0,0,0,0,0,,0
2020,Nepal,-,7483,10309,0,0,0,0,396,,0
2020,"Netherlands (Kingdom of the)",-,51,83,0,0,0,0,0,,0
2020,Niger,-,18853,4105,0,298458,0,0,34324,,0
2020,Nicaragua,-,8701,62085,0,0,0,0,1665,,0
2020,Nigeria,-,352960,73233,12335,2610278,0,0,8,,0
2020,Niue,-,18,7,0,0,0,0,0,,0
2020,Norway,-,5,15,0,0,0,0,0,,0
2020,Nauru,-,5,16,0,0,0,0,0,,0
2020,"New Zealand",-,35,32,0,0,0,0,0,,0
2020,Oman,-,47,70,0,0,0,0,0,,0
2020,Pakistan,-,133280,61429,14,98898,1782,0,2735,,0
2020,Panama,-,70,315,0,0,0,0,0,,0
2020,Paraguay,-,119,868,0,0,0,0,0,,0
2020,Peru,-,2834,10583,0,0,0,0,0,,500353
2020,Philippines,-,469,4989,0,150368,150242,0,129467,,0
2020,"Papua New Guinea",-,510,650,0,14000,0,0,0,,0
2020,Poland,-,910,1052,0,0,0,0,0,,0
2020,Portugal,-,27,360,0,0,0,0,0,,0
2020,Qatar,-,33,38,0,0,0,0,0,,0
2020,Romania,-,1343,3720,0,0,0,0,0,,0
2020,"South Africa",-,474,3230,0,0,0,0,6,,0
2020,"Russian Federation",-,52742,44399,0,0,0,0,0,,0
2020,Rwanda,-,245781,16648,936,0,0,0,15611,,8165
2020,"El Salvador",-,45640,149542,0,71500,0,0,20226,,0
2020,"Saudi Arabia",-,2003,1249,0,0,0,0,26,,0
2020,"Serbia and Kosovo: S/RES/1244 (1999)",-,29976,7105,19,213018,375,0,139,,0
2020,Senegal,-,13986,15786,0,0,0,0,0,,0
2020,Seychelles,-,10,5,0,0,0,0,0,,0
2020,Singapore,-,37,74,0,0,0,0,0,,0
2020,"Sierra Leone",-,5734,8384,0,0,0,0,0,,0
2020,"Solomon Islands",-,37,267,0,0,0,0,0,,0
2020,Somalia,-,812356,53824,1560,2967500,288966,0,34,,0
2020,Spain,-,52,294,0,0,0,0,0,,0
2020,"Viet Nam",-,316728,9440,0,0,0,0,68,,0
2020,"Saint Kitts and Nevis",-,54,18,0,0,0,0,0,,0
2020,"Sao Tome and Principe",-,28,23,0,0,0,0,0,,0
2020,Sudan,-,787823,70049,30,2552174,0,0,158,,0
2020,Suriname,-,17,146,0,0,0,0,0,,0
2020,"South Sudan",-,2188785,4858,122000,1600254,174463,0,56,,250000
2020,Slovakia,-,1368,209,0,0,0,0,0,,0
2020,Slovenia,-,17,5,0,0,0,0,0,,0
2020,Eswatini,-,198,81,0,0,0,0,0,,0
2020,Sweden,-,8,35,0,0,0,0,0,,0
2020,Switzerland,-,5,16,0,0,0,0,0,,0
2020,"Syrian Arab Rep.",-,6702910,107085,38563,6701972,69454,0,7821,,0
2020,"United Rep. of Tanzania",-,689,1900,0,0,0,0,35,,0
2020,"Turks and Caicos Islands",-,14,5,0,0,0,0,0,,0
2020,Thailand,-,174,3760,0,0,0,0,0,,0
2020,Tajikistan,-,2219,2459,0,0,0,0,0,,0
2020,Turkmenistan,-,498,585,0,0,0,0,0,,0
2020,Timor-Leste,-,11,324,0,0,0,0,0,,0
2020,Togo,-,7704,3330,5,0,0,0,0,,0
2020,Tonga,-,31,731,0,0,0,0,0,,0
2020,"Trinidad and Tobago",-,295,414,0,0,0,0,393,,0
2020,Tunisia,-,1636,2829,0,0,0,0,11,,0
2020,Türkiye,-,93730,44517,0,0,0,0,27,,0
2020,"United Arab Emirates",-,181,181,0,0,0,0,0,,0
2020,Uganda,-,7442,11742,0,0,0,0,7,,2351313
2020,Ukraine,-,35156,21426,0,734000,0,0,1620005,,0
2020,Uruguay,-,15,435,0,0,0,0,0,,0
2020,"United States of America",-,349,2491,0,0,0,0,7,,0
2020,Uzbekistan,-,3112,5171,0,0,0,0,0,,0
2020,Vanuatu,-,0,158,0,0,0,0,0,,0
2020,"Holy See",-,0,12,0,0,0,0,0,,0
2020,"Saint Vincent and the Grenadines",-,742,38,0,0,0,0,0,,0
2020,"Venezuela (Bolivarian Republic of)",-,171112,851265,0,0,0,0,1112517,3862102,0
2020,Samoa,-,0,133,0,0,0,0,0,,0
2020,"Western Sahara",-,116925,1038,0,0,0,0,5,,0
2020,Yemen,-,32433,34870,0,4002012,10788,0,28,,0
2020,Zambia,-,252,475,0,0,0,0,5,,0
2020,Zimbabwe,-,8575,14614,280,0,0,0,132,,0
2020,Stateless,-,53725,5565,0,0,0,4179331,13806,,0
2020,Tibetan,-,12561,0,0,0,0,0,7,,0
2020,Anguilla,-,0,5,0,0,0,0,0,,0
2020,Guadeloupe,-,0,86,0,0,0,0,0,,0
2020,"Curacao ",-,35,0,0,0,0,0,0,,0
2020,"Unknown ",-,184067,108800,0,0,0,0,34456,,0
2021,Afghanistan,-,2712869,262860,1429,3457744,791000,0,93827,,494710
2021,Albania,-,19847,22331,0,0,0,0,0,,0
2021,Algeria,-,6003,6871,0,0,0,0,33,,0
2021,Andorra,-,0,5,0,0,0,0,0,,0
2021,Angola,-,11403,12692,5,0,0,0,19792,,0
2021,"Antigua and Barbuda",-,105,55,0,0,0,0,0,,0
2021,Egypt,-,27498,21016,0,0,0,0,82,,0
2021,Argentina,-,124,1774,0,0,0,0,5,,0
2021,Armenia,-,12255,9291,0,0,0,0,0,,0
2021,Australia,-,16,21,0,0,0,0,0,,0
2021,Austria,-,23,5,0,0,0,0,0,,0
2021,Azerbaijan,-,39478,5235,0,654839,0,0,0,,0
2021,Bahrain,-,416,137,0,0,0,0,0,,0
2021,Barbados,-,265,91,0,0,0,0,0,,0
2021,Burundi,-,323635,52171,66073,19176,2687,0,5156,,0
2021,Belgium,-,29,89,0,0,0,0,5,,0
2021,Benin,-,730,1382,0,0,0,0,0,,0
2021,Bangladesh,-,22672,65495,0,0,0,0,507,,174850
2021,Bahamas,-,736,658,0,0,0,0,0,,0
2021,Bhutan,-,6702,487,0,0,0,0,0,,0
2021,"Burkina Faso",-,20209,5585,0,1579976,0,0,13079,,0
2021,Belarus,-,4632,6799,0,0,0,0,0,,0
2021,"Bolivia (Plurinational State of)",-,549,1830,0,0,0,0,0,,0
2021,Botswana,-,122,213,0,0,0,0,0,,0
2021,Brazil,-,1954,26440,0,0,0,0,0,,26596
2021,"Brunei Darussalam",-,0,5,0,0,0,0,0,,0
2021,"Bosnia and Herzegovina",-,18189,1631,0,96305,0,0,181,,0
2021,Bulgaria,-,455,340,0,0,0,0,5,,0
2021,Belize,-,81,369,0,0,0,0,0,,0
2021,Cambodia,-,12072,893,0,0,0,0,0,,0
2021,Canada,-,60,126,0,0,0,0,0,,0
2021,"Central African Rep.",-,737658,14283,5579,691791,371285,0,2284,,0
2021,"Cayman Islands",-,5,0,0,0,0,0,0,,0
2021,Chad,-,11771,7572,8,406573,0,0,107029,,0
2021,China,-,170222,118476,0,0,0,0,10,,0
2021,Chile,-,987,9058,0,0,0,0,0,,0
2021,Cameroon,-,125477,22151,0,933138,53095,0,22,,0
2021,Congo,-,14253,12795,5,134430,0,0,84,,0
2021,"Dem. Rep. of the Congo",-,908401,148099,715,5407840,1041368,0,15343,,0
2021,Comoros,-,1670,1833,0,0,0,0,0,,0
2021,Colombia,-,115792,80705,7,6766002,0,0,504338,,741889
2021,"Costa Rica",-,235,989,0,0,0,0,0,,1863
2021,Cuba,-,11534,71590,0,0,0,0,13664,,0
2021,"Cabo Verde",-,10,273,0,0,0,0,0,,0
2021,Cyprus,-,5,15,0,0,0,0,0,,0
2021,Czechia,-,758,161,0,0,0,0,0,,0
2021,Denmark,-,8,25,0,0,0,0,0,,0
2021,Djibouti,-,2607,994,0,0,0,0,0,,1301
2021,Dominica,-,54,124,0,0,0,0,0,,0
2021,"Dominican Rep.",-,635,4642,0,0,0,0,0,,0
2021,Ecuador,-,1825,27286,0,0,0,0,0,,0
2021,"Equatorial Guinea",-,168,235,0,0,0,0,0,,0
2021,Eritrea,-,511911,77188,0,0,0,0,10538,,0
2021,Estonia,-,271,48,0,0,0,0,0,,0
2021,Ethiopia,-,149130,139211,1082,3646267,1548421,0,3918,,84953
2021,"French Guiana",-,0,96,0,0,0,0,0,,0
2021,Fiji,-,414,2997,0,0,0,0,0,,0
2021,Finland,-,5,0,0,0,0,0,0,,0
2021,France,-,38,280,0,0,0,0,0,,0
2021,Gabon,-,620,902,0,0,0,0,0,,0
2021,Gambia,-,11042,5731,0,0,0,0,59,,0
2021,Palestinian,-,103581,9645,0,0,0,0,1109,,0
2021,"United Kingdom of Great Britain and Northern Ireland",-,101,277,0,0,0,0,0,,0
2021,Georgia,-,9754,16648,0,290156,0,0,0,,0
2021,Germany,-,59,248,0,0,0,0,0,,0
2021,Ghana,-,14251,9177,0,0,0,0,17,,0
2021,Guinea-Bissau,-,2039,2546,0,0,0,0,0,,0
2021,Greece,-,87,171,0,0,0,0,0,,0
2021,Grenada,-,52,97,0,0,0,0,0,,0
2021,Guatemala,-,26927,160428,0,0,0,0,149455,,406161
2021,Guinea,-,34403,26458,0,0,0,0,140,,0
2021,Guyana,-,285,856,0,0,0,0,0,,5892
2021,Haiti,-,29454,135565,0,0,0,0,19385,,0
2021,"China, Hong Kong SAR",-,96,816,0,0,0,0,0,,0
2021,Honduras,-,51687,169994,0,247090,0,0,48926,,0
2021,Croatia,-,18083,51,0,0,0,0,214,,0
2021,Hungary,-,4653,608,0,0,0,0,0,,0
2021,Iceland,-,5,7,0,0,0,0,0,,0
2021,"Cote d'Ivoire",-,39940,32608,22500,0,0,0,152,,0
2021,India,-,14230,78360,0,0,0,0,255,,0
2021,Indonesia,-,13962,5872,0,0,0,0,276,,0
2021,Ireland,-,5,141,0,0,0,0,0,,0
2021,"Iran (Islamic Rep. of)",-,142994,68940,0,0,0,0,287,,0
2021,Iraq,-,343899,254454,1079,1186556,120678,0,30456,,0
2021,Israel,-,453,807,0,0,0,0,0,,0
2021,Italy,-,61,639,0,0,0,0,0,,0
2021,Jamaica,-,2419,2305,0,0,0,0,0,,0
2021,Jordan,-,2981,5795,0,0,0,0,873,,0
2021,Japan,-,39,134,0,0,0,0,0,,0
2021,Kazakhstan,-,3198,5925,0,0,0,0,0,,0
2021,Kenya,-,7529,9727,5,0,0,0,5,,154150
2021,Kyrgyzstan,-,3035,2785,0,0,0,0,0,,0
2021,Kiribati,-,0,5,0,0,0,0,0,,0
2021,"Rep. of Korea",-,117,893,0,0,0,0,0,,0
2021,"Dem. People's Rep. of Korea",-,528,108,0,0,0,0,0,,0
2021,Kuwait,-,1702,1857,0,0,0,0,5,,0
2021,"Lao People's Dem. Rep.",-,6778,474,0,0,0,0,0,,0
2021,Liberia,-,5384,3090,0,0,0,0,46,,0
2021,Libya,-,19090,5717,0,179047,107834,0,50,,0
2021,"Saint Lucia",-,457,91,0,0,0,0,0,,0
2021,Lebanon,-,6061,8873,0,0,0,0,11663,,0
2021,Lesotho,-,6,41,0,0,0,0,0,,0
2021,Liechtenstein,-,5,5,0,0,0,0,0,,0
2021,"Sri Lanka",-,151112,12209,112,8767,16519,0,16,,0
2021,Lithuania,-,54,114,0,0,0,0,0,,0
2021,Latvia,-,122,120,0,0,0,0,0,,0
2021,"China, Macao SAR",-,0,34,0,0,0,0,0,,0
2021,Madagascar,-,425,373,0,0,0,0,10,,0
2021,Mauritania,-,39279,8705,0,0,0,0,0,,0
2021,"North Macedonia",-,1842,3982,0,116,0,0,5,,0
2021,"Rep. of Moldova",-,2190,6881,0,0,0,0,0,,0
2021,Maldives,-,80,21,0,0,0,0,0,,0
2021,Mexico,-,16403,117936,0,0,0,0,0,,0
2021,"Marshall Islands",-,7,0,0,0,0,0,0,,0
2021,Mali,-,183392,24287,1731,350110,76926,0,26,,0
2021,Malaysia,-,1182,20855,0,0,0,0,0,,0
2021,Malawi,-,513,2018,0,0,0,0,0,,0
2021,Mongolia,-,2508,4673,0,0,0,0,5,,0
2021,Morocco,-,5385,12632,0,0,0,0,99,,0
2021,Mozambique,-,90,8720,0,744949,0,0,9,,0
2021,Malta,-,7,5,0,0,0,0,0,,0
2021,Montenegro,-,623,809,0,0,0,0,0,,0
2021,Mauritius,-,198,351,0,0,0,0,0,,0
2021,Myanmar,-,1177327,43878,0,671011,130432,0,198,,0
2021,Namibia,-,441,915,7,0,0,0,40,,0
2021,Nepal,-,7029,11329,0,0,0,0,363,,0
2021,"Netherlands (Kingdom of the)",-,58,93,0,0,0,0,0,,0
2021,Niger,-,21901,2686,0,224016,0,0,37305,,0
2021,Nicaragua,-,11041,164019,0,0,0,0,29390,,0
2021,Nigeria,-,383660,83105,16951,3084916,205201,0,18,,0
2021,Niue,-,11,0,0,0,0,0,0,,0
2021,Norway,-,5,23,0,0,0,0,0,,0
2021,Nauru,-,5,16,0,0,0,0,0,,0
2021,"New Zealand",-,33,69,0,0,0,0,0,,0
2021,Oman,-,53,71,0,0,0,0,0,,0
2021,Pakistan,-,132818,56687,5,98898,0,0,6344,,1224393
2021,Panama,-,118,512,0,0,0,0,0,,14521
2021,Paraguay,-,125,1102,0,0,0,0,0,,0
2021,Peru,-,3521,9046,0,0,0,0,0,,500353
2021,Philippines,-,521,5525,0,105214,181317,0,183651,,0
2021,"Papua New Guinea",-,507,636,0,24000,0,0,0,,0
2021,Poland,-,887,1056,0,0,0,0,0,,0
2021,Portugal,-,26,439,0,0,0,0,0,,0
2021,Qatar,-,47,35,0,0,0,0,0,,0
2021,Romania,-,1417,4452,0,0,0,0,0,,0
2021,"South Africa",-,643,3556,0,0,0,0,6,,0
2021,"Russian Federation",-,68547,42959,0,0,0,0,0,,0
2021,Rwanda,-,248219,23523,1999,0,0,0,13564,,8165
2021,"El Salvador",-,52041,153246,0,71500,0,0,55583,,391
2021,"Saudi Arabia",-,2167,1541,0,0,0,0,32,,0
2021,"Serbia and Kosovo: S/RES/1244 (1999)",-,31735,6708,14,211823,359,0,138,,0
2021,Senegal,-,15129,17466,0,0,0,0,0,,0
2021,Seychelles,-,14,0,0,0,0,0,0,,0
2021,Singapore,-,34,100,0,0,0,0,0,,0
2021,"Sierra Leone",-,6615,5685,0,0,0,0,5,,0
2021,"Solomon Islands",-,38,314,0,1000,0,0,0,,0
2021,Somalia,-,776678,59605,2781,2967500,544249,0,47,,0
2021,Spain,-,55,423,0,0,0,0,0,,0
2021,"Viet Nam",-,317737,10345,0,0,0,0,68,,0
2021,"Saint Kitts and Nevis",-,47,32,0,0,0,0,0,,0
2021,"Sao Tome and Principe",-,6,25,0,0,0,0,0,,0
2021,Sudan,-,825290,75164,33,3036590,0,0,301,,0
2021,Suriname,-,22,118,0,0,0,0,0,,0
2021,"South Sudan",-,2362759,5037,270220,2017236,0,0,74,,250000
2021,Slovakia,-,1426,171,0,0,0,0,0,,0
2021,Slovenia,-,17,10,0,0,0,0,0,,0
2021,Eswatini,-,165,80,0,0,0,0,10,,0
2021,Sweden,-,9,43,0,0,0,0,0,,0
2021,Switzerland,-,0,21,0,0,0,0,0,,0
2021,"Syrian Arab Rep.",-,6848865,139754,36486,6865308,74251,0,3132,,0
2021,"United Rep. of Tanzania",-,752,1841,0,0,0,0,33,,0
2021,"Turks and Caicos Islands",-,14,5,0,0,0,0,0,,0
2021,Thailand,-,181,3230,0,0,0,0,0,,0
2021,Tajikistan,-,2412,2023,0,0,0,0,0,,0
2021,Turkmenistan,-,563,722,0,0,0,0,0,,0
2021,Timor-Leste,-,11,368,0,0,0,0,0,,0
2021,Togo,-,7985,2984,6,0,0,0,25,,0
2021,Tonga,-,28,816,0,0,0,0,0,,0
2021,"Trinidad and Tobago",-,285,508,0,0,0,0,590,,4605
2021,Tunisia,-,2201,4012,0,0,0,0,9,,0
2021,Türkiye,-,105019,46327,0,0,0,0,122,,0
2021,"United Arab Emirates",-,160,215,0,0,0,0,0,,0
2021,Uganda,-,7887,11824,5,0,0,0,10,,2428906
2021,Ukraine,-,27562,19426,0,854000,0,0,1424805,,0
2021,Uruguay,-,45,648,0,0,0,0,0,,0
2021,"United States of America",-,426,1662,0,0,0,0,6,,0
2021,Uzbekistan,-,3014,4946,0,0,0,0,0,,0
2021,Vanuatu,-,0,172,0,0,0,0,0,,0
2021,"Holy See",-,0,12,0,0,0,0,0,,0
2021,"Saint Vincent and the Grenadines",-,467,85,0,0,0,0,0,,0
2021,"Venezuela (Bolivarian Republic of)",-,199202,971106,0,0,0,0,1389980,4406432,0
2021,Samoa,-,5,160,0,0,0,0,0,,0
2021,"Western Sahara",-,117041,689,0,0,0,0,5,,0
2021,Yemen,-,37615,35462,219,4288739,0,0,23,,0
2021,Zambia,-,255,489,0,0,0,0,5,,0
2021,Zimbabwe,-,8115,13513,178,0,0,0,137,,0
2021,Stateless,-,56534,5191,0,0,0,4338192,16192,,0
2021,Tibetan,-,12593,0,0,0,0,0,0,,0
2021,Anguilla,-,0,5,0,0,0,0,0,,0
2021,Aruba,-,0,0,0,0,0,0,0,,6000
2021,Guadeloupe,-,0,88,0,0,0,0,0,,0
2021,"Curacao ",-,35,0,0,0,0,0,0,,5226
2021,"Unknown ",-,100632,53367,0,0,0,0,7439,,196208
2022,Afghanistan,-,5661717,294493,6506,3254002,236166,0,90663,,878451
2022,Albania,-,20865,34406,0,0,0,0,0,,0
2022,Algeria,-,7734,8923,0,0,0,0,107,,0
2022,Andorra,-,5,5,0,0,0,0,0,,0
2022,Angola,-,12021,16523,17,0,0,0,13315,,0
2022,"Antigua and Barbuda",-,58,58,0,0,0,0,0,,0
2022,Egypt,-,24390,27834,0,0,0,0,162,,0
2022,Argentina,-,194,2271,0,0,0,0,5,,0
2022,Armenia,-,14868,13474,0,0,0,0,5,,0
2022,Australia,-,36,25,0,0,0,0,0,,0
2022,Austria,-,41,17,0,0,0,0,0,,0
2022,Azerbaijan,-,42116,5726,0,658793,0,0,0,,0
2022,Bahrain,-,312,158,0,0,0,0,0,,0
2022,Barbados,-,231,226,0,0,0,0,0,,0
2022,Burundi,-,320702,56399,21794,8495,0,0,6149,,0
2022,Belgium,-,28,86,0,0,0,0,0,,0
2022,Benin,-,811,1407,0,0,0,0,0,,0
2022,Bangladesh,-,23935,61298,5,0,0,0,39,,174850
2022,Bahamas,-,781,1210,0,0,0,0,0,,0
2022,Bhutan,-,6688,465,0,0,0,0,0,,0
2022,"Burkina Faso",-,29914,35535,0,1882391,0,0,0,,0
2022,Belarus,-,11598,8396,0,0,0,0,0,,0
2022,"Bolivia (Plurinational State of)",-,578,2324,0,0,0,0,0,,0
2022,Botswana,-,81,686,0,0,0,0,28,,0
2022,Brazil,-,2740,49183,0,0,0,0,3574,,0
2022,"Brunei Darussalam",-,0,14,0,0,0,0,0,,0
2022,"Bosnia and Herzegovina",-,19466,1500,0,96305,0,0,9,,0
2022,Bulgaria,-,790,356,0,0,0,0,5,,0
2022,Belize,-,65,481,0,0,0,0,0,,0
2022,Cambodia,-,11700,978,0,0,0,0,0,,0
2022,Canada,-,186,218,0,0,0,0,0,,0
2022,"Central African Rep.",-,748344,14291,5703,515665,404628,0,2246,,0
2022,"Cayman Islands",-,5,0,0,0,0,0,0,,0
2022,Chad,-,12811,7091,8,381289,0,0,101667,,0
2022,China,-,161366,116338,0,0,0,0,150,,0
2022,Chile,-,1500,11879,0,0,0,0,2126,,0
2022,Cameroon,-,147352,21927,30758,989079,38159,0,8,,0
2022,Congo,-,13331,9580,5,26875,0,0,98,,0
2022,"Dem. Rep. of the Congo",-,932680,135099,11253,5541021,1216942,0,16813,,0
2022,Comoros,-,1900,792,0,0,0,0,0,,0
2022,Colombia,-,109012,144210,6,6834492,0,0,561879,,1102358
2022,"Costa Rica",-,275,1279,0,0,0,0,0,,3051
2022,Cuba,-,14676,240994,0,0,0,0,146305,,0
2022,"Cabo Verde",-,20,256,0,0,0,0,0,,0
2022,Cyprus,-,0,31,0,0,0,0,0,,0
2022,Czechia,-,604,228,0,0,0,0,0,,0
2022,Denmark,-,0,35,0,0,0,0,0,,0
2022,Djibouti,-,1706,1187,0,0,0,0,0,,640
2022,Dominica,-,57,162,0,0,0,0,0,,0
2022,"Dominican Rep.",-,719,6996,0,0,0,0,0,,0
2022,Ecuador,-,3205,40358,0,0,0,0,25335,,0
2022,"Equatorial Guinea",-,361,243,0,0,0,0,0,,0
2022,Eritrea,-,512674,79010,0,0,0,0,9399,,0
2022,Estonia,-,45,61,0,0,0,0,0,,0
2022,Ethiopia,-,149603,121362,288,2730000,1880000,0,4902,,596148
2022,"French Guiana",-,11,155,0,0,0,0,0,,0
2022,Fiji,-,336,3317,0,0,0,0,0,,0
2022,Finland,-,0,15,0,0,0,0,0,,0
2022,France,-,65,405,0,0,0,0,0,,0
2022,"Micronesia (Federated States of)",-,0,5,0,0,0,0,0,,0
2022,Gabon,-,772,717,0,0,0,0,0,,0
2022,Gambia,-,10698,4854,0,0,0,0,0,,0
2022,Palestinian,-,104307,11295,0,0,0,0,2556,,0
2022,"United Kingdom of Great Britain and Northern Ireland",-,237,408,0,0,0,0,0,,0
2022,Georgia,-,13389,29166,0,292856,0,0,0,,0
2022,Germany,-,162,539,0,0,0,0,0,,0
2022,Ghana,-,14949,8783,0,0,0,0,0,,0
2022,Guinea-Bissau,-,2037,2291,0,0,0,0,0,,0
2022,Greece,-,125,194,0,0,0,0,0,,0
2022,Grenada,-,51,116,0,0,0,0,0,,0
2022,Guatemala,-,30259,166901,0,0,0,0,133563,,406161
2022,Guinea,-,35244,25242,0,0,0,0,0,,0
2022,Guyana,-,250,929,0,0,0,0,0,,4200
2022,Haiti,-,30307,177978,0,0,0,0,31890,,0
2022,"China, Hong Kong SAR",-,177,985,0,0,0,0,0,,0
2022,Honduras,-,64785,195584,0,247090,0,0,55349,,0
2022,Croatia,-,17698,74,5,0,0,0,18,,0
2022,Hungary,-,1953,1327,0,0,0,0,0,,0
2022,Iceland,-,0,13,0,0,0,0,0,,0
2022,"Cote d'Ivoire",-,25148,22037,21304,0,0,0,117,,0
2022,India,-,20828,100389,0,0,0,0,496,,0
2022,Indonesia,-,11761,10017,0,0,0,0,1143,,0
2022,Ireland,-,13,189,0,0,0,0,0,,0
2022,"Iran (Islamic Rep. of)",-,122764,69237,6,0,0,0,58,,0
2022,Iraq,-,287446,228961,370,1168619,30138,0,28805,,0
2022,Israel,-,902,813,0,0,0,0,0,,0
2022,Italy,-,151,670,0,0,0,0,0,,0
2022,Jamaica,-,1858,3345,0,0,0,0,0,,0
2022,Jordan,-,3550,5667,0,0,0,0,1293,,0
2022,Japan,-,64,152,0,0,0,0,0,,0
2022,Kazakhstan,-,3666,8182,5,0,0,0,0,,0
2022,Kenya,-,7595,10209,0,0,0,0,5,,401356
2022,Kyrgyzstan,-,3297,4412,0,0,0,0,0,,0
2022,Kiribati,-,0,30,0,0,0,0,0,,0
2022,"Rep. of Korea",-,132,880,0,0,0,0,0,,0
2022,"Dem. People's Rep. of Korea",-,267,127,0,0,0,0,0,,0
2022,Kuwait,-,1981,2898,0,0,0,0,5,,0
2022,"Lao People's Dem. Rep.",-,6653,476,0,0,0,0,0,,0
2022,Liberia,-,5156,3093,0,0,0,0,341,,0
2022,Libya,-,17811,6076,0,161613,22376,0,28,,0
2022,"Saint Lucia",-,94,122,0,0,0,0,0,,0
2022,Lebanon,-,6794,10289,0,0,0,0,18671,,0
2022,Lesotho,-,12,24,0,0,0,0,6,,0
2022,Liechtenstein,-,5,5,0,0,0,0,0,,0
2022,"Sri Lanka",-,148144,15169,369,8540,227,0,6,,0
2022,Lithuania,-,77,128,0,0,0,0,0,,0
2022,Luxembourg,-,5,0,0,0,0,0,0,,0
2022,Latvia,-,112,172,0,0,0,0,0,,0
2022,"China, Macao SAR",-,10,48,0,0,0,0,0,,0
2022,Madagascar,-,494,567,0,0,0,0,18,,0
2022,Mauritania,-,36928,8558,0,0,0,0,0,,0
2022,"North Macedonia",-,1862,5185,0,0,0,0,5,,0
2022,"Rep. of Moldova",-,4799,7006,0,0,0,0,5,,0
2022,Maldives,-,82,22,0,0,0,0,0,,0
2022,Mexico,-,17635,126428,0,262411,0,0,5,,0
2022,Mali,-,225726,12360,645,379932,64642,0,10,,0
2022,Malaysia,-,1359,19764,0,0,0,0,0,,0
2022,Malawi,-,499,1169,0,0,0,0,0,,0
2022,Mongolia,-,2413,4940,0,0,0,0,6,,0
2022,Morocco,-,10435,18121,0,0,0,0,1369,,0
2022,Mozambique,-,109,8581,0,1028743,270502,0,50,,0
2022,Malta,-,0,10,0,0,0,0,0,,0
2022,Montenegro,-,612,955,0,0,0,0,0,,0
2022,Mauritius,-,208,428,0,0,0,0,0,,0
2022,Myanmar,-,1251618,48701,0,1504848,325206,0,321,,0
2022,Namibia,-,317,1444,0,0,0,0,40,,0
2022,Nepal,-,7329,13004,0,0,0,0,517,,0
2022,"Netherlands (Kingdom of the)",-,56,140,0,0,0,0,0,,0
2022,Niger,-,21946,2759,0,376809,0,0,37596,,0
2022,Nicaragua,-,16087,277663,0,0,0,0,65724,,0
2022,Nigeria,-,391120,83402,19693,3286881,139622,0,13,,0
2022,Niue,-,11,7,0,0,0,0,0,,0
2022,Norway,-,5,15,0,0,0,0,0,,0
2022,Nauru,-,5,19,0,0,0,0,0,,0
2022,"New Zealand",-,48,32,0,0,0,0,0,,0
2022,Oman,-,59,99,0,0,0,0,0,,0
2022,Pakistan,-,112357,59126,5,0,98898,0,37979,,1224393
2022,Panama,-,140,1017,0,0,0,0,0,,96800
2022,Paraguay,-,139,1202,0,0,0,0,0,,0
2022,Peru,-,4021,24294,0,0,0,0,3299,,617687
2022,Philippines,-,586,5492,0,98094,118120,0,183184,,0
2022,Palau,-,5,0,0,0,0,0,0,,0
2022,"Papua New Guinea",-,610,610,0,90634,0,0,0,,0
2022,Poland,-,971,1044,0,0,0,0,0,,0
2022,Portugal,-,55,448,0,0,0,0,0,,0
2022,Qatar,-,40,128,0,0,0,0,0,,0
2022,Romania,-,3959,6200,0,0,0,0,0,,0
2022,"South Africa",-,784,3474,0,0,0,0,6,,0
2022,"Russian Federation",-,80093,66373,0,0,0,0,27145,,0
2022,Rwanda,-,249753,17886,2547,0,0,0,12426,,11972
2022,"El Salvador",-,58621,148758,0,71500,0,0,53504,,85061
2022,"Saudi Arabia",-,1942,2537,0,0,0,0,31,,0
2022,"Serbia and Kosovo: S/RES/1244 (1999)",-,30677,6668,21,210308,191,0,32,,0
2022,Senegal,-,13108,17358,0,0,0,0,0,,0
2022,Seychelles,-,9,5,0,0,0,0,0,,0
2022,Singapore,-,33,117,0,0,0,0,0,,0
2022,"Sierra Leone",-,6939,6226,5,0,0,0,0,,0
2022,"Solomon Islands",-,44,560,0,1000,0,0,0,,0
2022,Somalia,-,786794,56893,3063,2967500,607256,0,86055,,0
2022,Spain,-,62,452,0,0,0,0,0,,0
2022,"Viet Nam",-,17507,10627,0,0,0,0,68,,0
2022,"Saint Kitts and Nevis",-,22,32,0,0,0,0,0,,0
2022,"Sao Tome and Principe",-,11,23,0,0,0,0,0,,0
2022,Sudan,-,837188,86838,12313,3552717,0,0,2076,,0
2022,Suriname,-,35,147,0,0,0,0,5,,0
2022,"South Sudan",-,2295082,5228,151256,1474679,0,0,306,,371594
2022,Slovakia,-,569,213,0,0,0,0,0,,0
2022,Slovenia,-,7,31,0,0,0,0,0,,0
2022,Eswatini,-,127,122,0,0,0,0,12,,0
2022,Sweden,-,23,82,0,0,0,0,0,,0
2022,Switzerland,-,8,27,0,0,0,0,0,,0
2022,"Syrian Arab Rep.",-,6559736,156621,51299,6780994,255093,0,3522,,15209720
2022,"United Rep. of Tanzania",-,790,1916,0,0,0,0,31,,0
2022,"Turks and Caicos Islands",-,19,11,0,0,0,0,0,,0
2022,Thailand,-,210,3203,0,0,0,0,0,,0
2022,Tajikistan,-,2951,3646,0,0,0,0,0,,0
2022,Turkmenistan,-,2240,863,0,0,0,0,0,,0
2022,Timor-Leste,-,6,690,0,0,0,0,0,,0
2022,Togo,-,7871,2889,0,0,0,0,0,,0
2022,Tonga,-,30,1308,0,0,0,0,0,,0
2022,"Trinidad and Tobago",-,296,627,0,0,0,0,789,,5433
2022,Tunisia,-,2691,7923,0,0,0,0,39,,0
2022,Türkiye,-,93537,82737,0,0,0,0,179,,0
2022,"United Arab Emirates",-,199,594,0,0,0,0,0,,0
2022,Uganda,-,7572,11833,0,0,0,0,35,,2581900
2022,Ukraine,-,5684177,34637,1017000,5914000,2616000,0,545130,,0
2022,Uruguay,-,82,578,0,0,0,0,0,,0
2022,"United States of America",-,1327,2115,0,0,0,0,10,,0
2022,Uzbekistan,-,4347,8720,0,0,0,0,0,,0
2022,Vanuatu,-,5,705,0,0,0,0,0,,0
2022,"Holy See",-,0,17,0,0,0,0,0,,0
2022,"Saint Vincent and the Grenadines",-,136,120,0,0,0,0,0,,0
2022,"Venezuela (Bolivarian Republic of)",-,230393,1137162,0,0,0,0,3388107,5217456,0
2022,Samoa,-,8,395,0,0,0,0,0,,0
2022,"Western Sahara",-,91026,750,5,0,0,0,0,,0
2022,Yemen,-,40147,33524,7,4523022,0,0,28,,0
2022,Zambia,-,296,471,0,0,0,0,5,,0
2022,Zimbabwe,-,7017,7478,0,0,0,0,169,,0
2022,Stateless,-,54102,5803,0,0,0,4428314,18843,,0
2022,Tibetan,-,12555,0,0,0,0,0,5,,0
2022,Anguilla,-,5,5,0,0,0,0,0,,0
2022,Aruba,-,0,7,0,0,0,0,0,,1700
2022,Guadeloupe,-,17,128,0,0,0,0,0,,0
2022,"Curacao ",-,35,5,0,0,0,0,0,,1700
2022,"Unknown ",-,100167,50027,0,0,0,0,280766,,182595
2023,Afghanistan,-,6403144,296033,57530,3222397,31605,0,34534,,1584157
2023,Albania,-,21919,17539,0,0,0,0,0,,0
2023,Algeria,-,7629,11330,0,0,0,0,48,,0
2023,Andorra,-,0,14,0,0,0,0,0,,0
2023,Angola,-,11506,22824,0,0,0,0,13637,,0
2023,"Antigua and Barbuda",-,67,51,0,0,0,0,0,,0
2023,Egypt,-,23160,46356,0,0,0,0,273,,0
2023,Argentina,-,300,4388,0,0,0,0,5,,0
2023,Armenia,-,15072,18378,0,0,0,0,8,,0
2023,Australia,-,29,68,0,0,0,0,0,,0
2023,Austria,-,23,30,0,0,0,0,0,,0
2023,Azerbaijan,-,158098,6777,0,657749,0,0,0,,0
2023,Bahrain,-,304,207,0,0,0,0,0,,0
2023,Barbados,-,298,255,0,0,0,0,0,,0
2023,Burundi,-,319857,61035,26663,8177,0,0,6226,,0
2023,Belgium,-,53,149,0,0,0,0,0,,0
2023,Benin,-,905,2816,0,8785,0,0,0,,0
2023,Bermuda,-,5,99,0,0,0,0,0,,0
2023,Bangladesh,-,24126,75867,0,0,0,0,83,,537900
2023,Bahamas,-,1067,1825,0,0,0,0,0,,0
2023,Bhutan,-,6676,468,0,0,0,0,0,,0
2023,"Burkina Faso",-,54869,90419,0,2062534,0,0,0,,0
2023,Belarus,-,15071,11837,0,0,0,0,0,,0
2023,"Bolivia (Plurinational State of)",-,468,4467,0,0,0,0,0,,0
2023,Botswana,-,150,1389,0,0,0,0,28,,0
2023,Brazil,-,3798,72234,0,0,0,0,1438,,0
2023,"Brunei Darussalam",-,0,24,0,0,0,0,0,,0
2023,"Bosnia and Herzegovina",-,19318,1313,0,91223,0,0,0,,0
2023,Bulgaria,-,393,389,0,0,0,0,5,,0
2023,Belize,-,72,976,0,0,0,0,0,,0
2023,Cambodia,-,11624,959,0,0,0,0,0,,0
2023,Canada,-,223,311,0,0,0,0,0,,0
2023,"Central African Rep.",-,759187,14775,14449,511803,325938,0,3402,,0
2023,Chad,-,10196,40745,0,215928,0,0,100648,,0
2023,China,-,160565,137143,0,0,0,0,53,,0
2023,Chile,-,1901,19228,0,0,0,0,2807,,0
2023,Cameroon,-,110715,50840,2058,1075252,15050,0,13261,,0
2023,Congo,-,13820,10363,0,0,0,0,101,,0
2023,"Dem. Rep. of the Congo",-,978209,149805,1808,6251790,1833092,0,18475,,0
2023,Comoros,-,2194,921,0,0,0,0,0,,0
2023,Colombia,-,115513,301824,5,6918373,0,0,532962,,885300
2023,"Costa Rica",-,207,1684,0,0,0,0,0,,3109
2023,Cuba,-,18560,329692,0,0,0,0,24563,,0
2023,"Cabo Verde",-,19,247,0,0,0,0,0,,0
2023,Cyprus,-,5,38,0,0,0,0,0,,0
2023,Czechia,-,637,176,0,0,0,0,0,,0
2023,Denmark,-,0,16,0,0,0,0,0,,0
2023,Djibouti,-,1840,1574,0,0,0,0,0,,0
2023,Dominica,-,73,344,0,0,0,0,0,,0
2023,"Dominican Rep.",-,886,10791,0,0,0,0,0,,0
2023,Ecuador,-,4244,66416,0,0,0,0,25692,,0
2023,"Equatorial Guinea",-,389,457,0,0,0,0,0,,0
2023,Eritrea,-,559853,104892,0,0,0,0,8470,,0
2023,Estonia,-,60,58,0,0,0,0,0,,0
2023,Ethiopia,-,158344,139424,6187,2561497,534293,0,4791,,1115201
2023,"French Guiana",-,28,396,0,0,0,0,0,,0
2023,Fiji,-,207,3017,0,0,0,0,0,,0
2023,Finland,-,0,46,0,0,0,0,0,,0
2023,France,-,50,475,0,0,0,0,0,,0
2023,Gabon,-,866,834,0,0,0,0,9,,0
2023,Gambia,-,8107,5744,0,0,0,0,5,,0
2023,Palestinian,-,41077,12387,0,0,0,0,2866,,0
2023,"United Kingdom of Great Britain and Northern Ireland",-,210,394,0,0,0,0,0,,0
2023,Georgia,-,14695,38556,0,295831,0,0,0,,0
2023,Germany,-,209,762,0,0,0,0,0,,0
2023,Ghana,-,13870,11066,0,0,0,0,25,,0
2023,Guinea-Bissau,-,1859,1381,0,0,0,0,0,,0
2023,Greece,-,102,219,0,0,0,0,0,,0
2023,Grenada,-,70,123,0,0,0,0,0,,0
2023,Guatemala,-,34010,176035,0,0,0,0,121865,,406161
2023,Guinea,-,38585,34513,0,0,0,0,5,,0
2023,Guyana,-,248,1265,0,0,0,0,0,,0
2023,Haiti,-,122139,228443,0,313901,0,0,37009,,0
2023,"China, Hong Kong SAR",-,350,683,0,0,0,0,0,,0
2023,Honduras,-,84363,216873,0,247090,0,0,50951,,0
2023,Croatia,-,17579,85,0,0,0,0,12,,0
2023,Hungary,-,2147,1249,0,0,0,0,0,,0
2023,Iceland,-,0,5,0,0,0,0,0,,0
2023,"Cote d'Ivoire",-,25994,25948,27,0,0,0,27,,0
2023,India,-,25319,142607,0,0,0,0,240,,0
2023,Indonesia,-,11756,13311,5,0,0,0,990,,0
2023,Ireland,-,0,219,0,0,0,0,0,,0
2023,"Iran (Islamic Rep. of)",-,151757,63959,24,0,0,0,79,,0
2023,Iraq,-,329032,192202,154,1123663,27288,0,2032,,0
2023,Israel,-,855,1232,0,0,0,0,0,,0
2023,Italy,-,124,1487,0,0,0,0,0,,0
2023,Jamaica,-,2128,7064,0,0,0,0,0,,0
2023,Jordan,-,3978,8207,0,0,0,0,1267,,0
2023,Japan,-,48,144,0,0,0,0,0,,0
2023,Kazakhstan,-,3795,11277,0,0,0,0,0,,0
2023,Kenya,-,8004,15941,0,0,0,0,10,,401356
2023,Kyrgyzstan,-,3324,8041,0,0,0,0,0,,0
2023,Kiribati,-,0,27,0,0,0,0,0,,0
2023,"Rep. of Korea",-,107,939,0,0,0,0,0,,0
2023,"Dem. People's Rep. of Korea",-,239,96,0,0,0,0,0,,0
2023,Kuwait,-,2276,2458,0,0,0,0,10,,0
2023,"Lao People's Dem. Rep.",-,6551,560,0,0,0,0,0,,0
2023,Liberia,-,4838,3904,0,0,0,0,200,,0
2023,Libya,-,17958,6054,5,125802,37099,0,28,,0
2023,"Saint Lucia",-,117,231,0,0,0,0,0,,0
2023,Lebanon,-,7392,9793,0,0,0,0,23915,,0
2023,Lesotho,-,12,41,0,0,0,0,6,,0
2023,"Sri Lanka",-,145319,18076,346,4806,3734,0,23,,0
2023,Lithuania,-,63,122,0,0,0,0,0,,0
2023,Luxembourg,-,5,0,0,0,0,0,0,,0
2023,Latvia,-,138,176,0,0,0,0,0,,0
2023,"China, Macao SAR",-,15,6,0,0,0,0,0,,0
2023,Madagascar,-,558,276,0,0,0,0,26,,0
2023,Martinique,-,0,5,0,0,0,0,0,,0
2023,Mauritania,-,37532,18772,0,0,0,0,0,,0
2023,"North Macedonia",-,1938,4689,0,0,0,0,5,,0
2023,"Rep. of Moldova",-,5343,6410,0,0,0,0,5,,0
2023,Maldives,-,70,27,0,0,0,0,0,,0
2023,Mexico,-,21869,156309,0,262411,0,0,5,,0
2023,"Marshall Islands",-,0,5,0,0,0,0,0,,0
2023,Mali,-,249046,14117,574,354739,79763,0,10,,0
2023,Malaysia,-,999,18810,0,0,0,0,0,,0
2023,Malawi,-,531,1656,0,0,0,0,0,,0
2023,Mongolia,-,2393,6327,0,0,0,0,5,,0
2023,Morocco,-,8827,17328,0,0,0,0,880,,0
2023,Mozambique,-,117,8759,0,582764,280988,0,9,,0
2023,Malta,-,0,6,0,0,0,0,0,,0
2023,Montenegro,-,631,1058,0,0,0,0,0,,0
2023,Mauritius,-,245,549,0,0,0,0,0,,0
2023,Myanmar,-,1283426,54636,10,2607645,276612,0,584,,0
2023,Namibia,-,447,1603,0,0,0,0,45,,0
2023,Nepal,-,7229,17206,0,0,0,0,356,,0
2023,"Netherlands (Kingdom of the)",-,67,199,0,0,0,0,0,,0
2023,Niger,-,24794,15517,0,335277,0,0,45415,,0
2023,Nicaragua,-,25483,308032,0,0,0,0,4595,,0
2023,Nigeria,-,410308,68852,31747,3313601,35131,0,9,,0
2023,Niue,-,6,5,0,0,0,0,0,,0
2023,Norway,-,17,19,0,0,0,0,0,,0
2023,Nauru,-,7,16,0,0,0,0,0,,0
2023,"New Zealand",-,39,28,0,0,0,0,0,,0
2023,Oman,-,95,82,0,0,0,0,0,,0
2023,Pakistan,-,94481,72068,36,0,0,0,199,,1400000
2023,Panama,-,233,1891,0,0,0,0,0,,14521
2023,Paraguay,-,155,1987,0,0,0,0,0,,0
2023,Peru,-,4724,80153,0,0,0,0,0,,17847
2023,Philippines,-,645,4670,0,108237,137352,0,181243,,0
2023,Palau,-,5,0,0,0,0,0,0,,0
2023,"Papua New Guinea",-,452,719,0,95000,0,0,1736,,134
2023,Poland,-,932,1050,0,0,0,0,0,,0
2023,Portugal,-,45,979,0,0,0,0,0,,0
2023,"Puerto Rico",-,0,5,0,0,0,0,0,,0
2023,Qatar,-,58,58,0,0,0,0,0,,0
2023,Romania,-,1825,7383,0,0,0,0,0,,0
2023,"South Africa",-,919,4163,0,0,0,0,6,,0
2023,"Russian Federation",-,86135,114669,5,0,0,0,1253,,0
2023,Rwanda,-,249955,18297,1961,0,0,0,12356,,12139
2023,"El Salvador",-,68633,133042,0,71500,0,0,132289,,346175
2023,"Saudi Arabia",-,2090,1640,0,0,0,0,27,,0
2023,"Serbia and Kosovo: S/RES/1244 (1999)",-,29807,5781,12,209790,114,0,13,,0
2023,Senegal,-,11924,18780,0,0,0,0,0,,0
2023,Seychelles,-,10,13,0,0,0,0,0,,0
2023,Singapore,-,37,229,0,0,0,0,0,,0
2023,"Sierra Leone",-,7445,8160,0,0,0,0,14,,0
2023,"Solomon Islands",-,36,520,0,1000,0,0,0,,0
2023,Somalia,-,842044,179224,1876,3860099,0,0,64332,,0
2023,Spain,-,56,1322,0,0,0,0,0,,0
2023,"Viet Nam",-,18339,13179,0,0,0,0,68,,0
2023,"Saint Kitts and Nevis",-,21,59,0,0,0,0,0,,0
2023,"Sao Tome and Principe",-,11,24,0,0,0,0,0,,0
2023,Sudan,-,1496923,253902,17238,9052822,0,0,1981,,21661
2023,Suriname,-,42,179,0,0,0,0,5,,0
2023,"South Sudan",-,2292482,24596,527206,1236672,0,0,66,,454831
2023,Slovakia,-,628,113,0,0,0,0,0,,0
2023,Slovenia,-,7,91,0,0,0,0,0,,0
2023,Eswatini,-,128,251,0,0,0,0,12,,0
2023,Sweden,-,23,175,0,0,0,0,5,,0
2023,Switzerland,-,0,42,0,0,0,0,0,,0
2023,"Syrian Arab Rep.",-,6355788,182954,37552,7248188,155325,0,6626,,16041461
2023,"United Rep. of Tanzania",-,935,2954,0,0,0,0,10,,0
2023,"Turks and Caicos Islands",-,19,6,0,0,0,0,0,,0
2023,Thailand,-,222,3371,0,0,0,0,0,,0
2023,Tajikistan,-,3720,6001,0,0,0,0,0,,0
2023,Turkmenistan,-,1848,1833,0,0,0,0,0,,0
2023,Timor-Leste,-,0,1085,0,0,0,0,0,,0
2023,Togo,-,7955,8192,0,9680,0,0,0,,0
2023,Tonga,-,41,1327,0,0,0,0,0,,0
2023,"Trinidad and Tobago",-,351,819,0,0,0,0,1040,,5433
2023,Tunisia,-,2800,9194,0,0,0,0,10,,0
2023,Türkiye,-,127738,153142,0,0,0,0,467,,0
2023,Tuvalu,-,0,5,0,0,0,0,0,,0
2023,"United Arab Emirates",-,229,171,0,0,0,0,0,,0
2023,Uganda,-,8376,14989,0,0,0,0,5,,2659400
2023,Ukraine,-,5960362,33988,324573,3689000,1318680,0,988425,,0
2023,Uruguay,-,93,818,0,0,0,0,0,,0
2023,"United States of America",-,1229,2051,0,0,0,0,5,,0
2023,Uzbekistan,-,4440,17459,0,0,0,0,5,,0
2023,Vanuatu,-,5,725,0,0,0,0,0,,0
2023,"Saint Vincent and the Grenadines",-,157,165,0,0,0,0,0,,0
2023,"Venezuela (Bolivarian Republic of)",-,347695,1200130,0,0,0,0,3293301,5755363,0
2023,Samoa,-,16,375,0,0,0,0,0,,0
2023,"Western Sahara",-,90974,827,6,0,0,0,0,,0
2023,Yemen,-,48044,33521,11,4516341,0,0,24,,0
2023,Zambia,-,324,628,0,0,0,0,5,,0
2023,Zimbabwe,-,7460,9125,0,0,0,0,170,,0
2023,Stateless,-,51912,5344,6,0,0,4358188,8998,,0
2023,Tibetan,-,12575,0,0,0,0,0,14,,0
2023,Anguilla,-,0,5,0,0,0,0,0,,0
2023,Guadeloupe,-,17,80,0,0,0,0,0,,0
2023,"Curacao ",-,8,0,0,0,0,0,0,,0
2023,"Unknown ",-,179252,95550,0,0,0,0,165807,,188688
2024,Afghanistan,-,6052567,373027,35228,3221286,1111,0,73796,,1738747
2024,Albania,-,21940,11692,0,0,0,0,0,,0
2024,Algeria,-,7844,11629,0,0,0,0,80,,0
2024,Andorra,-,0,14,0,0,0,0,0,,0
2024,Angola,-,11654,25775,0,0,0,0,13736,,0
2024,"Antigua and Barbuda",-,72,61,0,0,0,0,0,,0
2024,Egypt,-,23360,52258,0,0,0,0,433,,0
2024,Argentina,-,328,5872,0,0,0,0,5,,0
2024,Armenia,-,15366,20144,0,0,0,0,8,,0
2024,Australia,-,33,74,0,0,0,0,0,,0
2024,Austria,-,28,32,0,0,0,0,0,,0
2024,Azerbaijan,-,156554,7432,0,657749,0,0,47,,0
2024,Bahrain,-,306,196,0,0,0,0,0,,0
2024,Barbados,-,309,444,0,0,0,0,0,,0
2024,Burundi,-,322645,62264,10318,7484,0,0,6194,,0
2024,Belgium,-,61,178,5,0,0,0,5356,,0
2024,Benin,-,949,3602,0,8785,0,0,0,,0
2024,Bermuda,-,5,94,0,0,0,0,0,,0
2024,Bangladesh,-,26312,96090,0,0,0,0,154,,537900
2024,Bahamas,-,175,2567,0,0,0,0,0,,0
2024,Bhutan,-,6682,525,0,0,0,0,0,,0
2024,"Burkina Faso",-,88372,118885,0,2062534,0,0,0,,0
2024,Belarus,-,15990,12584,0,0,0,0,0,,0
2024,"Bolivia (Plurinational State of)",-,537,7084,0,0,0,0,0,,0
2024,Botswana,-,195,1406,0,0,0,0,27,,0
2024,Brazil,-,4212,85660,0,0,0,0,0,,0
2024,"Brunei Darussalam",-,0,57,0,0,0,0,0,,0
2024,"Bosnia and Herzegovina",-,19175,1077,0,91223,0,0,0,,0
2024,Bulgaria,-,430,413,0,0,0,0,5,,0
2024,Belize,-,98,1390,0,0,0,0,0,,0
2024,Cambodia,-,11446,1228,0,0,0,0,0,,0
2024,Canada,-,293,349,0,0,0,0,0,,0
2024,"Central African Rep.",-,754341,19711,12208,453301,117963,0,3376,,0
2024,Chad,-,13733,45846,0,219393,0,0,296407,,0
2024,China,-,160295,176239,0,0,0,0,37,,0
2024,Chile,-,2150,24080,0,0,0,0,2109,,0
2024,Cameroon,-,103978,47225,14914,1036775,38477,0,13276,,0
2024,Congo,-,13838,11708,0,0,0,0,102,,0
2024,"Dem. Rep. of the Congo",-,1004233,159860,122,7008290,520561,0,18942,,0
2024,Comoros,-,2208,843,0,0,0,0,0,,0
2024,Colombia,-,76520,392719,5,6976227,0,0,23113,,876000
2024,"Costa Rica",-,224,2381,0,0,0,0,0,,3051
2024,Cuba,-,20803,334153,0,0,0,0,22082,,0
2024,"Cabo Verde",-,14,289,0,0,0,0,0,,0
2024,Cyprus,-,10,38,0,0,0,0,0,,0
2024,Czechia,-,670,167,0,0,0,0,0,,0
2024,Denmark,-,21,27,0,0,0,0,0,,0
2024,Djibouti,-,1967,1807,0,0,0,0,0,,0
2024,Dominica,-,88,571,0,0,0,0,0,,0
2024,"Dominican Rep.",-,928,15545,0,0,0,0,0,,0
2024,Ecuador,-,4706,103370,0,0,0,0,17858,,0
2024,"Equatorial Guinea",-,413,667,0,0,0,0,0,,0
2024,Eritrea,-,559139,124045,0,0,0,0,9098,,0
2024,Estonia,-,70,57,0,0,0,0,0,,0
2024,Ethiopia,-,163893,147250,6151,3245484,118489,0,3885,,1150839
2024,"French Guiana",-,29,512,0,0,0,0,0,,0
2024,Fiji,-,229,3011,0,0,0,0,0,,0
2024,Finland,-,0,43,0,0,0,0,0,,0
2024,"New Caledonia",-,0,5,0,0,0,0,0,,0
2024,France,-,73,577,0,0,0,0,0,,0
2024,"Micronesia (Federated States of)",-,0,5,0,0,0,0,0,,0
2024,Gabon,-,888,900,0,0,0,0,9,,0
2024,Gambia,-,8038,7181,0,0,0,0,0,,0
2024,Palestinian,-,44513,14301,0,0,0,0,2821,,0
2024,"United Kingdom of Great Britain and Northern Ireland",-,295,508,0,0,0,0,0,,0
2024,Georgia,-,15725,35741,0,297905,0,0,0,,0
2024,Germany,-,253,809,0,0,0,0,0,,0
2024,Ghana,-,14227,15743,0,0,0,0,8,,0
2024,Guinea-Bissau,-,1880,1509,0,0,0,0,0,,0
2024,Greece,-,103,210,0,0,0,0,0,,0
2024,Grenada,-,80,114,0,0,0,0,0,,0
2024,Guatemala,-,35330,196329,0,0,0,0,14841,,406161
2024,Guinea,-,39991,50911,0,0,0,0,10,,0
2024,Guyana,-,251,1620,0,0,0,0,0,,0
2024,Haiti,-,133262,270715,0,578074,0,0,14501,,0
2024,"China, Hong Kong SAR",-,391,727,0,0,0,0,0,,0
2024,Honduras,-,92881,245596,0,247090,0,0,47913,,0
2024,Croatia,-,17548,112,0,0,0,0,12,,0
2024,Hungary,-,2152,1554,0,0,0,0,0,,0
2024,Iceland,-,18,5,0,0,0,0,0,,0
2024,"Cote d'Ivoire",-,27312,26444,9,0,0,0,20,,0
2024,India,-,27250,182575,0,0,0,0,304,,0
2024,Indonesia,-,11626,17591,0,0,0,0,1043,,0
2024,Ireland,-,14,346,0,0,0,0,0,,0
2024,"Iran (Islamic Rep. of)",-,156341,61862,21,0,0,0,281,,0
2024,Iraq,-,322904,174986,408,1098913,8844,0,20340,,0
2024,Israel,-,1056,1585,0,0,0,0,0,,0
2024,Italy,-,158,1840,0,0,0,0,0,,0
2024,Jamaica,-,2277,9176,0,0,0,0,0,,0
2024,Jordan,-,4291,11677,0,0,0,0,1242,,0
2024,Japan,-,53,157,0,0,0,0,0,,0
2024,Kazakhstan,-,3897,12241,0,0,0,0,5,,0
2024,Kenya,-,8842,19174,0,0,0,0,15,,401356
2024,Kyrgyzstan,-,3301,11053,0,0,0,0,0,,0
2024,Kiribati,-,0,40,0,0,0,0,0,,0
2024,"Rep. of Korea",-,108,1014,0,0,0,0,0,,0
2024,"Dem. People's Rep. of Korea",-,244,105,0,0,0,0,0,,0
2024,Kuwait,-,2510,3005,0,0,0,0,10,,0
2024,"Lao People's Dem. Rep.",-,6506,723,0,0,0,0,0,,0
2024,Liberia,-,4794,4363,0,0,0,0,200,,0
2024,Libya,-,17266,6000,0,125802,0,0,13,,0
2024,"Saint Lucia",-,134,308,0,0,0,0,0,,0
2024,Lebanon,-,7596,10463,0,0,0,0,25420,,0
2024,Lesotho,-,20,31,0,0,0,0,0,,0
2024,"Sri Lanka",-,145808,24039,132,4806,0,0,27,,0
2024,Lithuania,-,75,150,0,0,0,0,0,,0
2024,Luxembourg,-,5,5,0,0,0,0,0,,0
2024,Latvia,-,176,171,0,0,0,0,0,,0
2024,"China, Macao SAR",-,15,13,0,0,0,0,0,,0
2024,Madagascar,-,568,281,0,0,0,0,26,,0
2024,Martinique,-,0,5,0,0,0,0,0,,0
2024,Mauritania,-,37802,27239,0,0,0,0,0,,0
2024,"North Macedonia",-,1905,3323,0,0,0,0,5,,0
2024,"Rep. of Moldova",-,5757,5848,0,0,0,0,5,,0
2024,Maldives,-,79,35,0,0,0,0,0,,0
2024,Mexico,-,23878,204778,0,262411,0,0,0,,0
2024,"Marshall Islands",-,0,5,0,0,0,0,0,,0
2024,Mali,-,327838,22724,1144,330713,45456,0,15,,0
2024,Malaysia,-,1129,15439,0,0,0,0,0,,0
2024,Malawi,-,561,2164,0,0,0,0,0,,0
2024,Mongolia,-,2398,7390,0,0,0,0,10,,0
2024,Morocco,-,10154,18265,0,0,0,0,312,,0
2024,Mozambique,-,115,8899,0,577545,5090,0,9,,0
2024,Malta,-,9,10,0,0,0,0,0,,0
2024,Montenegro,-,629,1107,0,0,0,0,0,,0
2024,Mauritius,-,259,559,0,0,0,0,0,,0
2024,Myanmar,-,1302400,62496,13,3191968,251624,0,568,,0
2024,Namibia,-,562,1128,0,0,0,0,34,,0
2024,Nepal,-,7467,20188,0,0,0,0,420,,0
2024,"Netherlands (Kingdom of the)",-,75,262,0,0,0,0,0,,0
2024,Niger,-,27237,7449,0,407430,0,0,45878,,0
2024,Nicaragua,-,30672,345805,0,0,0,0,2664,,0
2024,Nigeria,-,450795,81320,29273,3313601,0,0,9,,0
2024,Niue,-,5,5,0,0,0,0,0,,0
2024,Norway,-,16,35,0,0,0,0,0,,0
2024,Nauru,-,5,18,0,0,0,0,0,,0
2024,"New Zealand",-,42,27,0,0,0,0,0,,0
2024,Oman,-,117,95,0,0,0,0,0,,0
2024,Pakistan,-,97348,77425,117,0,0,0,385,,1400000
2024,Panama,-,267,2600,0,0,0,0,0,,6000
2024,Paraguay,-,172,2708,0,0,0,0,0,,0
2024,Peru,-,5399,114165,0,0,0,0,0,,8105
2024,Philippines,-,678,5498,0,119062,115047,0,181246,,0
2024,"Papua New Guinea",-,492,1029,0,95000,0,0,1933,,134
2024,Poland,-,896,1105,0,0,0,0,0,,0
2024,Portugal,-,45,1160,0,0,0,0,0,,0
2024,"Puerto Rico",-,0,5,0,0,0,0,0,,0
2024,Qatar,-,71,56,0,0,0,0,0,,0
2024,Romania,-,1900,8059,0,0,0,0,0,,0
2024,"South Africa",-,1010,4844,0,0,0,0,6,,0
2024,"Russian Federation",-,92653,125087,0,0,0,0,262,,0
2024,Rwanda,-,249996,21061,474,0,0,0,12356,,12139
2024,"El Salvador",-,70489,138182,0,71500,0,0,60568,,133964
2024,"Saudi Arabia",-,2231,1598,0,0,0,0,24,,0
2024,"Serbia and Kosovo: S/RES/1244 (1999)",-,29279,5869,0,209784,0,0,12,,0
2024,Senegal,-,12204,38771,0,0,0,0,6,,0
2024,Seychelles,-,10,13,0,0,0,0,0,,0
2024,Singapore,-,40,322,0,0,0,0,0,,0
2024,"Sierra Leone",-,7825,8729,0,0,0,0,49,,0
2024,"Solomon Islands",-,49,661,0,1000,0,0,0,,0
2024,Somalia,-,860533,226721,266,3861634,0,0,443,,0
2024,Spain,-,71,1930,0,0,0,0,0,,0
2024,"Viet Nam",-,18811,23012,0,0,0,0,73,,0
2024,"Saint Kitts and Nevis",-,26,68,0,0,0,0,0,,0
2024,"Sao Tome and Principe",-,11,21,0,0,0,0,0,,0
2024,Sudan,-,1775109,465160,3781,10540215,0,0,2010,,27282
2024,Suriname,-,44,257,0,0,0,0,5,,0
2024,"South Sudan",-,2298595,34758,225676,1121084,0,0,64,,454831
2024,Slovakia,-,612,121,0,0,0,0,0,,0
2024,Slovenia,-,12,111,0,0,0,0,5,,0
2024,Eswatini,-,144,400,0,0,0,0,12,,0
2024,Sweden,-,38,298,0,0,0,0,5,,0
2024,Switzerland,-,6,43,0,0,0,0,0,,0
2024,"Syrian Arab Rep.",-,6251459,163175,20091,7414806,22725,0,4816,,16217034
2024,"United Rep. of Tanzania",-,999,3739,0,0,0,0,10,,0
2024,"Turks and Caicos Islands",-,19,6,0,0,0,0,0,,0
2024,Thailand,-,236,3658,0,0,0,0,0,,0
2024,Tajikistan,-,3945,8203,0,0,0,0,0,,0
2024,Turkmenistan,-,2545,2275,0,0,0,0,0,,0
2024,Timor-Leste,-,10,1206,0,0,0,0,0,,0
2024,Togo,-,12659,4908,0,9680,0,0,0,,0
2024,Tonga,-,47,1507,0,0,0,0,0,,0
2024,"Trinidad and Tobago",-,391,924,0,0,0,0,1208,,0
2024,Tunisia,-,3232,9997,0,0,0,0,12,,0
2024,Türkiye,-,135117,158446,0,0,0,0,481,,0
2024,"United Arab Emirates",-,244,163,0,0,0,0,0,,0
2024,Uganda,-,8874,18126,0,0,0,0,7,,2659400
2024,Ukraine,-,6066598,40022,73067,3669000,571000,0,521294,,0
2024,Uruguay,-,94,1004,0,0,0,0,0,,0
2024,"United States of America",-,1323,2060,0,0,0,0,0,,0
2024,Uzbekistan,-,4793,22657,0,0,0,0,5,,0
2024,Vanuatu,-,10,903,0,0,0,0,0,,0
2024,"Saint Vincent and the Grenadines",-,177,160,0,0,0,0,0,,0
2024,"Venezuela (Bolivarian Republic of)",-,369826,1318912,0,0,0,0,356755,5793723,0
2024,Samoa,-,8,388,0,0,0,0,0,,0
2024,"Western Sahara",-,174570,809,0,0,0,0,0,,0
2024,Yemen,-,50665,33790,17,4516341,0,0,28,,0
2024,Zambia,-,327,825,0,0,0,0,5,,0
2024,Zimbabwe,-,7760,10213,0,0,0,0,165,,0
2024,Stateless,-,50958,4760,82,0,0,4368258,8219,,0
2024,Tibetan,-,12575,0,0,0,0,0,5,,0
2024,Anguilla,-,0,5,0,0,0,0,0,,0
2024,Aruba,-,35,0,0,0,0,0,0,,0
2024,Guadeloupe,-,17,81,0,0,0,0,0,,0
2024,"Curacao ",-,8,0,0,0,0,0,0,,0
2024,"Unknown ",-,202607,91833,5,0,0,0,73096,,190456
